,label
5410560,0
2218089,0
2218519,0
2219893,0
2220002,0
2221475,0
2224000,0
2217974,0
2224103,0
2226426,0
2226525,0
2226946,0
2227362,0
2228226,0
2231048,0
2224920,0
2232421,0
2212622,0
2209334,0
2179919,0
2180022,0
2181215,0
2183773,0
2185509,0
2187104,0
2210076,0
2189125,0
2189737,0
2190373,0
2194374,0
2202932,0
2207628,0
2209232,0
2189433,0
2179810,0
2233487,0
2236995,0
2267044,0
2268117,0
2268336,0
2269008,0
2269122,0
2270060,0
2263101,0
2276379,0
2277224,0
2279265,0
2279484,0
2280443,0
2283982,0
2286005,0
2276380,0
2236670,0
2260957,0
2259459,0
2241774,0
2241877,0
2243383,0
2244435,0
2244553,0
2245700,0
2260756,0
2248624,0
2248944,0
2253870,0
2254086,0
2254312,0
2255784,0
2258374,0
2248942,0
2287258,0
2179283,0
2177223,0
2095294,0
2101331,0
2101858,0
2102174,0
2104016,0
2108194,0
2091221,0
2110785,0
2112297,0
2113263,0
2115289,0
2116250,0
2118802,0
2118916,0
2112072,0
2121802,0
2089956,0
2089421,0
2070253,0
2071445,0
2073821,0
2074458,0
2074886,0
2077143,0
2089748,0
2079306,0
2080993,0
2084129,0
2084338,0
2085191,0
2086269,0
2088581,0
2080778,0
2178848,0
2123199,0
2127487,0
2152958,0
2154196,0
2154654,0
2156556,0
2160180,0
2161342,0
2151454,0
2161439,0
2164259,0
2164843,0
2167927,0
2170571,0
2173221,0
2175699,0
2162948,0
2126601,0
2151024,0
2149006,0
2128228,0
2130374,0
2130375,0
2130906,0
2131216,0
2132674,0
2149450,0
2136355,0
2137373,0
2142238,0
2145096,0
2146314,0
2147829,0
2148257,0
2136530,0
2288804,0
2289459,0
2290630,0
2429179,0
2431976,0
2432844,0
2434378,0
2435866,0
2437479,0
2428010,0
2439418,0
2441884,0
2442275,0
2444456,0
2445831,0
2447338,0
2452949,0
2439687,0
2453610,0
2427696,0
2424595,0
2406273,0
2407037,0
2408851,0
2410950,0
2411604,0
2413025,0
2427487,0
2416113,0
2417840,0
2419536,0
2420199,0
2421706,0
2422026,0
2423524,0
2417520,0
2405293,0
2455054,0
2459626,0
2496528,0
2496933,0
2498571,0
2499339,0
2499548,0
2499653,0
2494923,0
2499876,0
2500397,0
2506337,0
2506931,0
2508760,0
2511711,0
2511934,0
2499981,0
2457202,0
2494401,0
2493431,0
2471149,0
2471792,0
2473826,0
2475353,0
2475354,0
2478861,0
2493637,0
2479057,0
2484720,0
2487964,0
2488172,0
2488596,0
2490806,0
2491941,0
2483398,0
2402780,0
2401469,0
2397811,0
2311372,0
2312000,0
2316517,0
2319125,0
2321739,0
2322893,0
2309353,0
2323139,0
2323994,0
2324535,0
2324730,0
2325078,0
2329312,0
2334453,0
2323140,0
2334995,0
2309102,0
2308943,0
2293139,0
2294776,0
2294777,0
2295321,0
2296482,0
2297157,0
2309034,0
2299208,0
2303010,0
2304222,0
2304973,0
2306258,0
2306913,0
2308834,0
2301650,0
2336297,0
2338455,0
2339189,0
2380982,0
2382763,0
2385302,0
2385501,0
2386061,0
2389981,0
2377588,0
2390298,0
2392329,0
2392871,0
2396620,0
2396621,0
2396850,0
2397166,0
2391028,0
2375048,0
2373480,0
2371530,0
2344087,0
2345329,0
2346231,0
2347000,0
2347421,0
2349189,0
2349616,0
2352825,0
2355871,0
2355989,0
2357399,0
2358678,0
2362532,0
2362736,0
2363821,0
2069724,0
2069507,0
2068338,0
2060439,0
1802815,0
1803693,0
1805946,0
1806262,0
1807327,0
1808922,0
1802156,0
1809448,0
1811276,0
1813565,0
1817233,0
1817746,0
1819107,0
1819298,0
1810716,0
1820744,0
1801133,0
1796768,0
1783455,0
1785576,0
1785577,0
1785813,0
1789249,0
1789912,0
1799534,0
1790115,0
1792432,0
1794605,0
1795035,0
1795145,0
1795995,0
1796215,0
1790539,0
1782714,0
1822808,0
1823959,0
1848151,0
1848392,0
1849030,0
1849127,0
1852774,0
1854574,0
1848077,0
1854884,0
1855757,0
1856169,0
1857782,0
1857890,0
1858933,0
1860090,0
1855320,0
1823745,0
1847120,0
1844184,0
1827130,0
1827687,0
1827800,0
1829081,0
1830922,0
1831035,0
1845263,0
1833091,0
1838862,0
1839095,0
1840266,0
1840985,0
1842055,0
1843112,0
1835574,0
1782174,0
1781651,0
1781243,0
1717650,0
1717865,0
1718078,0
1718617,0
1718721,0
1721494,0
1717548,0
1722037,0
1723165,0
1724664,0
1725487,0
1725692,0
1726207,0
1726653,0
1722733,0
1727606,0
1716892,0
1711980,0
1688108,0
1689381,0
1690004,0
1691606,0
1692152,0
1693655,0
1714124,0
1700238,0
1701970,0
1703566,0
1703774,0
1707344,0
1708833,0
1709254,0
1701528,0
1728867,0
1729488,0
1730022,0
1757229,0
1760125,0
1760915,0
1763428,0
1767743,0
1768288,0
1756478,0
1769470,0
1771578,0
1773499,0
1774403,0
1775883,0
1777247,0
1780718,0
1771577,0
1754559,0
1752879,0
1752072,0
1731309,0
1734002,0
1736398,0
1740431,0
1741805,0
1742664,0
1743188,0
1744677,0
1746837,0
1747491,0
1749654,0
1750184,0
1750393,0
1750621,0
1750825,0
1861461,0
2512144,0
1862534,0
1866715,0
1984288,0
1985319,0
1987469,0
1988339,0
1989588,0
1989899,0
1983634,0
1993481,0
1996621,0
1997790,0
1998089,0
1998519,0
1999033,0
2002356,0
1993589,0
2003740,0
1983223,0
1978694,0
1951330,0
1951964,0
1953770,0
1955780,0
1955886,0
1957359,0
1980048,0
1958119,0
1962973,0
1969411,0
1973627,0
1975178,0
1975505,0
1976787,0
1959612,0
1949333,0
2007710,0
2011957,0
2033578,0
2034435,0
2034635,0
2035914,0
2038513,0
2038829,0
2033362,0
2040403,0
2044310,0
2044827,0
2047594,0
2054426,0
2055393,0
2056790,0
2041049,0
2011742,0
2030392,0
2026008,0
2012513,0
2014519,0
2014950,0
2015998,0
2016751,0
2018576,0
2027825,0
2019510,0
2020260,0
2021115,0
2021340,0
2023687,0
2024947,0
2025056,0
2019827,0
1949009,0
1948062,0
1947741,0
1890469,0
1891331,0
1891649,0
1892409,0
1892621,0
1892824,0
1890220,0
1895157,0
1898342,0
1898454,0
1900413,0
1901773,0
1906287,0
1906288,0
1895497,0
1906835,0
1888927,0
1886437,0
1869141,0
1869982,0
1870507,0
1871023,0
1874280,0
1875316,0
1888068,0
1877356,0
1878200,0
1878820,0
1879237,0
1881789,0
1882626,0
1883490,0
1877882,0
1907280,0
1907281,0
1907391,0
1930827,0
1933400,0
1934848,0
1934849,0
1936257,0
1937640,0
1930721,0
1937961,0
1942298,0
1943249,0
1943678,0
1944208,0
1944959,0
1946030,0
1939951,0
1930081,0
1928219,0
1926276,0
1907496,0
1907607,0
1911333,0
1911750,0
1912071,0
1912809,0
1914624,0
1917587,0
1917813,0
1919120,0
1919676,0
1919875,0
1923127,0
1923128,0
1923451,0
1864356,0
1687368,0
2514806,0
2516940,0
3070415,0
3071270,0
3071697,0
3072329,0
3073651,0
3074792,0
3064341,0
3078076,0
3078920,0
3079342,0
3080736,0
3081270,0
3081700,0
3082203,0
3078386,0
3088978,0
3064114,0
3063113,0
3044708,0
3046656,0
3047177,0
3047499,0
3048129,0
3049057,0
3064021,0
3050762,0
3053079,0
3054055,0
3057122,0
3057781,0
3061450,0
3062201,0
3052331,0
3043137,0
3090361,0
3092899,0
3118180,0
3121102,0
3121317,0
3121753,0
3121859,0
3122278,0
3117979,0
3122389,0
3124114,0
3124329,0
3125946,0
3126083,0
3126813,0
3127334,0
3122712,0
3091209,0
3117438,0
3115214,0
3093011,0
3095346,0
3096839,0
3097173,0
3098105,0
3098212,0
3116067,0
3106819,0
3107774,0
3109568,0
3111812,0
3112122,0
3113756,0
3113968,0
3106820,0
3128323,0
3042716,0
3040945,0
2956094,0
2956950,0
2961729,0
2963554,0
2965193,0
2967247,0
2955669,0
2969493,0
2970262,0
2970792,0
2973011,0
2974786,0
2975879,0
2976717,0
2969606,0
2980612,0
2955126,0
2953096,0
2935342,0
2936740,0
2939599,0
2940018,0
2940337,0
2940338,0
2953725,0
2940996,0
2946333,0
2947826,0
2947827,0
2948240,0
2949300,0
2951600,0
2944621,0
3041452,0
2983938,0
2984472,0
3016597,0
3016808,0
3017026,0
3017131,0
3017132,0
3017455,0
3011710,0
3021056,0
3023166,0
3029651,0
3032285,0
3033785,0
3036114,0
3038689,0
3021474,0
2984041,0
3010856,0
3010218,0
2988649,0
2990372,0
2990709,0
2991882,0
2992508,0
2996560,0
3010431,0
2996981,0
3001886,0
3005647,0
3005756,0
3005865,0
3008402,0
3008512,0
2997735,0
3128748,0
3129418,0
3129524,0
3243556,0
3244321,0
3244737,0
3246949,0
3249201,0
3249744,0
3243445,0
3250074,0
3251346,0
3255590,0
3257372,0
3258561,0
3258882,0
3259637,0
3250822,0
3260365,0
3243240,0
3236317,0
3225696,0
3227757,0
3228427,0
3228525,0
3228857,0
3228858,0
3241052,0
3229943,0
3231507,0
3232383,0
3233352,0
3233988,0
3234392,0
3234803,0
3230444,0
3225351,0
3262091,0
3263925,0
3286638,0
3288361,0
3293893,0
3296597,0
3298169,0
3298502,0
3285269,0
3300547,0
3302150,0
3303518,0
3305836,0
3308290,0
3308605,0
3308955,0
3301704,0
3263811,0
3284745,0
3282848,0
3264672,0
3271499,0
3273227,0
3274083,0
3274188,0
3275887,0
3283664,0
3276307,0
3277067,0
3278039,0
3280505,0
3280826,0
3280933,0
3281792,0
3276465,0
3224494,0
3222562,0
3221824,0
3154976,0
3156943,0
3157167,0
3158861,0
3160051,0
3160163,0
3151729,0
3164231,0
3166870,0
3166980,0
3168145,0
3168564,0
3170910,0
3172079,0
3164232,0
3172404,0
3151317,0
3149965,0
3130798,0
3132510,0
3133356,0
3133456,0
3134100,0
3137276,0
3150284,0
3138398,0
3142295,0
3144193,0
3145277,0
3146858,0
3147389,0
3148780,0
3142193,0
3172811,0
3173749,0
3174064,0
3194375,0
3199816,0
3205476,0
3206570,0
3207085,0
3207963,0
3193938,0
3209477,0
3210426,0
3210537,0
3213431,0
3213739,0
3218658,0
3221777,0
3209675,0
3193409,0
3193307,0
3192666,0
3174167,0
3175352,0
3175467,0
3177572,0
3180371,0
3181843,0
3182074,0
3183993,0
3184962,0
3186244,0
3186245,0
3188778,0
3189559,0
3191089,0
3191822,0
2935240,0
2934496,0
2930187,0
2928910,0
2679972,0
2680082,0
2680624,0
2681883,0
2682320,0
2685192,0
2678160,0
2686341,0
2688522,0
2689059,0
2689271,0
2689576,0
2690427,0
2691694,0
2687548,0
2692972,0
2677311,0
2670768,0
2642419,0
2647727,0
2650084,0
2652175,0
2655266,0
2655267,0
2671520,0
2655608,0
2658066,0
2659830,0
2665719,0
2666872,0
2669588,0
2669794,0
2655934,0
2640519,0
2698621,0
2699885,0
2726512,0
2726930,0
2727034,0
2727894,0
2728321,0
2730137,0
2724580,0
2730564,0
2731755,0
2733431,0
2733651,0
2733745,0
2734837,0
2735045,0
2731090,0
2698954,0
2724268,0
2717830,0
2700979,0
2703638,0
5410559,0
2706236,0
2706564,0
2759,0
2722446,0
2709463,0
2710198,0
2713183,0
2716472,0
2716778,0
2717511,0
2717723,0
2709879,0
2640206,0
2638168,0
2637973,0
2545092,0
2545413,0
2545822,0
2546156,0
2547446,0
2548640,0
2544881,0
2551520,0
2553213,0
2553592,0
2554193,0
2555793,0
2559514,0
2573886,0
2552149,0
2576861,0
2544556,0
2543158,0
2519383,0
2519723,0
2522604,0
2524427,0
2524847,0
2525265,0
2544337,0
2525916,0
2530319,0
2531061,0
2532470,0
2533220,0
2541294,0
2542649,0
2526754,0
2577203,0
2578058,0
2579325,0
2620417,0
2620521,0
2620623,0
2623745,0
2625895,0
2626002,0
2618007,0
2626334,0
2627300,0
2629940,0
2633293,0
2633832,0
2637115,0
2637859,0
2626978,0
2616698,0
2615731,0
2612615,0
2582279,0
2586117,0
2587315,0
2588779,0
2589530,0
2589758,0
2591367,0
2592216,0
2593599,0
2599082,0
2599619,0
2605555,0
2609514,0
2611739,0
2612521,0
2736447,0
2516193,0
2738375,0
2740285,0
2863084,0
2864811,0
2865546,0
2866077,0
2869296,0
2871306,0
2862877,0
2871971,0
2876724,0
2877037,0
2879470,0
2880418,0
2881226,0
2883134,0
2874939,0
2886238,0
2862457,0
2856612,0
2840004,0
2841290,0
2842781,0
2842886,0
2843627,0
2845957,0
2861905,0
2846615,0
2849334,0
2849432,0
2849636,0
2850796,0
2851009,0
2851424,0
2849231,0
2838406,0
2887707,0
2891215,0
2915994,0
2916310,0
2918131,0
2919320,0
2919768,0
2919770,0
2915455,0
2919977,0
2921218,0
2921325,0
2923492,0
2924441,0
2926658,0
2928804,0
2920900,0
2889588,0
2915041,0
2912576,0
2891534,0
2892263,0
2893318,0
2893953,0
2894947,0
2896139,0
2912881,0
2899203,0
2901033,0
2905178,0
2907521,0
2908613,0
2908837,0
2912575,0
2899531,0
2832740,0
2830353,0
2829944,0
2755591,0
2755815,0
2758300,0
2759724,0
2760046,0
2761571,0
2751476,0
2761776,0
2763251,0
2763557,0
2764908,0
2766614,0
2766615,0
2768807,0
2762515,0
2771030,0
2750826,0
2749844,0
2741760,0
2742094,0
2742520,0
2742827,0
2743278,0
2743708,0
2750389,0
2745739,0
2746700,0
2746933,0
2747151,0
2749119,0
2749326,0
2749600,0
2746196,0
2777981,0
2778311,0
8198,0
2802255,0
2805575,0
2805679,0
2809811,0
2810222,0
2814543,0
2799838,0
2814544,0
2819786,0
2821069,0
2821075,0
2825208,0
2828756,0
2829726,0
2815718,0
2799428,0
2798455,0
2796339,0
2780132,0
2781632,0
2781744,0
2783197,0
2783223,0
2784844,0
2785478,0
2785999,0
2787343,0
2788636,0
2791395,0
2792572,0
2793206,0
2794134,0
2795489,0
2739438,0
3309837,0
1686723,0
1682216,0
574934,0
577238,0
586660,0
586869,0
587496,0
587598,0
574489,0
587697,0
588215,0
591088,0
593382,0
594451,0
594564,0
595299,0
587795,0
599167,0
574488,0
570643,0
555346,0
556322,0
556733,0
556734,0
559635,0
563092,0
572339,0
564985,0
567043,0
567044,0
568007,0
568339,0
568749,0
570240,0
566064,0
551890,0
599706,0
600886,0
646121,0
646668,0
649250,0
651812,0
652019,0
652648,0
646120,0
653518,0
659286,0
659502,0
659926,0
661209,0
666095,0
670060,0
653964,0
600667,0
643473,0
639387,0
602380,0
612213,0
617951,0
622026,0
622365,0
622881,0
641532,0
626271,0
629953,0
630691,0
630899,0
631109,0
632231,0
633857,0
629125,0
674866,0
547254,0
546080,0
456562,0
458064,0
460069,0
460807,0
461249,0
464654,0
454834,0
467408,0
469529,0
470063,0
474773,0
475430,0
478785,0
481857,0
468319,0
485169,0
453672,0
451727,0
425514,0
427319,0
429590,0
429896,0
430125,0
430657,0
452688,0
434898,0
438903,0
440371,0
442749,0
442985,0
445995,0
450232,0
438063,0
546604,0
486249,0
491811,0
515171,0
523858,0
524280,0
524551,0
527122,0
528267,0
513653,0
537016,0
542002,0
542434,0
542648,0
543399,0
543619,0
544577,0
540944,0
491068,0
509936,0
503109,0
492342,0
493298,0
493521,0
494170,0
494474,0
498048,0
506919,0
499009,0
500199,0
500200,0
500843,0
501385,0
502241,0
502242,0
499555,0
674971,0
676673,0
677183,0
833124,0
833350,0
833656,0
837958,0
838705,0
842218,0
831166,0
842733,0
843492,0
844361,0
844684,0
844909,0
845135,0
845250,0
843273,0
848018,0
828846,0
823222,0
800022,0
802400,0
808358,0
808462,0
808667,0
809634,0
825112,0
809856,0
811931,0
812395,0
813648,0
814696,0
819637,0
822703,0
811930,0
798647,0
849927,0
851229,0
881445,0
881475,0
881900,0
882422,0
884087,0
884194,0
879454,0
885895,0
888153,0
888894,0
890598,0
892486,0
893002,0
896257,0
886013,0
850900,0
879240,0
878047,0
854021,0
854225,0
857007,0
858748,0
861395,0
861823,0
879239,0
862252,0
865706,0
866439,0
875023,0
876415,0
876416,0
877505,0
862899,0
798231,0
797391,0
794055,0
711683,0
712126,0
715017,0
715540,0
717658,0
717883,0
710855,0
727895,0
729285,0
730047,0
735802,0
737161,0
737688,0
738972,0
728106,0
740294,0
707887,0
700035,0
677307,0
678068,0
684595,0
685945,0
686683,0
689055,0
701113,0
690121,0
691747,0
692299,0
693250,0
698683,0
698885,0
700034,0
691616,0
741468,0
742164,0
742878,0
785454,0
785564,0
785992,0
786205,0
786319,0
786526,0
780435,0
788860,0
788970,0
789277,0
792358,0
792574,0
793623,0
793946,0
788939,0
779434,0
777849,0
777646,0
743606,0
743607,0
744849,0
746448,0
749786,0
749982,0
752510,0
753382,0
754447,0
761255,0
761463,0
765193,0
766050,0
769157,0
772017,0
425279,0
420901,0
418643,0
417548,0
142477,0
144337,0
144978,0
145943,0
146436,0
146882,0
142262,0
147755,0
150406,0
153632,0
153850,0
158409,0
161417,0
162368,0
150095,0
163871,0
140971,0
140664,0
112579,0
114296,0
114512,0
117392,0
118221,0
118551,0
140665,0
118894,0
127028,0
131387,0
134123,0
134964,0
139171,0
139501,0
124547,0
109555,0
164071,0
165463,0
180116,0
181400,0
186385,0
188203,0
188627,0
189544,0
178844,0
192095,0
192624,0
193673,0
196591,0
200644,0
202071,0
202515,0
192391,0
165138,0
177538,0
176330,0
165684,0
166320,0
167062,0
167266,0
167697,0
168101,0
176437,0
169263,0
170641,0
171606,0
172280,0
173131,0
174287,0
174724,0
170640,0
109231,0
105834,0
105083,0
36669,0
38493,0
43443,0
48138,0
48139,0
48451,0
35688,0
49199,0
54133,0
55015,0
57367,0
59422,0
60383,0
60608,0
52759,0
61253,0
33980,0
32484,0
9028,0
10763,0
17142,0
17143,0
22048,0
23253,0
33570,0
24830,0
27825,0
28055,0
29839,0
30991,0
31856,0
32277,0
26953,0
62550,0
64477,0
64902,0
90838,0
91969,0
92081,0
92531,0
94123,0
95309,0
90077,0
95407,0
95932,0
97984,0
98190,0
98958,0
100536,0
102879,0
95514,0
89223,0
87736,0
87340,0
65217,0
66835,0
68842,0
72116,0
72763,0
72988,0
73829,0
75918,0
76124,0
76125,0
76993,0
78072,0
79341,0
80699,0
85192,0
203044,0
898836,0
203154,0
203583,0
327794,0
330765,0
330879,0
330982,0
334817,0
335229,0
324852,0
336303,0
337549,0
344161,0
346236,0
349650,0
349749,0
351257,0
336411,0
354268,0
322932,0
317858,0
303886,0
306455,0
306786,0
307005,0
307604,0
310301,0
321533,0
312283,0
315591,0
315699,0
315902,0
316114,0
316987,0
317750,0
312806,0
303352,0
360755,0
363330,0
386373,0
387769,0
388303,0
390001,0
390860,0
391188,0
386372,0
399165,0
400430,0
404279,0
408178,0
408179,0
409237,0
414557,0
400328,0
362142,0
384870,0
384558,0
370443,0
370653,0
371313,0
371748,0
373252,0
375856,0
384758,0
376507,0
378455,0
378456,0
379090,0
381426,0
383589,0
384020,0
376837,0
302174,0
299809,0
298312,0
229674,0
229675,0
230415,0
232275,0
239717,0
240223,0
228018,0
241770,0
242604,0
244108,0
244109,0
244866,0
245079,0
245836,0
242394,0
245837,0
227806,0
226896,0
204459,0
205292,0
205623,0
206520,0
207054,0
207492,0
226897,0
211676,0
220222,0
220760,0
221746,0
221853,0
221957,0
224554,0
213870,0
247000,0
248069,0
249659,0
276369,0
277335,0
279338,0
284748,0
284749,0
287326,0
275434,0
287991,0
290505,0
293086,0
293813,0
293916,0
294555,0
296804,0
289254,0
275433,0
273416,0
272536,0
251161,0
253408,0
255117,0
256319,0
256627,0
257514,0
259229,0
262375,0
265036,0
265549,0
266080,0
266081,0
267151,0
268390,0
271699,0
203582,0
1685804,0
899902,0
900198,0
1420648,0
1421211,0
1425711,0
1426571,0
1426677,0
1427718,0
1420548,0
1427932,0
1428471,0
1428994,0
1429105,0
1430989,0
1435717,0
1435830,0
1428364,0
1436491,0
1419859,0
1419074,0
1400514,0
1402124,0
1402647,0
1403935,0
1405973,0
1407610,0
1419285,0
1408578,0
1411018,0
1413863,0
1415126,0
1415467,0
1417366,0
1418008,0
1410701,0
1399758,0
1436544,0
1437657,0
1465373,0
1465695,0
1466104,0
1466419,0
1468246,0
1468765,0
1461521,0
1469095,0
1475938,0
1477987,0
1479442,0
1481477,0
1482129,0
1483217,0
1472964,0
1437348,0
1458659,0
1455914,0
1438303,0
1439595,0
1441580,0
1442891,0
1443527,0
1444676,0
1458033,0
1445167,0
1446905,0
1447130,0
1447131,0
1452486,0
1453234,0
1455056,0
1446158,0
1484071,0
1398892,0
1396959,0
1317805,0
1318566,0
1320078,0
1321476,0
1321692,0
1322017,0
1317190,0
1323408,0
1325427,0
1330150,0
1333363,0
1337303,0
1337510,0
1338477,0
1323409,0
1338925,0
1313874,0
1312474,0
1295913,0
1296135,0
1296470,0
1296471,0
1296579,0
1298820,0
1313764,0
1298821,0
1300837,0
1303230,0
1303670,0
1305410,0
1308862,0
1312031,0
1299573,0
1398462,0
1339555,0
1342074,0
1375770,0
1377688,0
1379605,0
1380464,0
1382631,0
1383586,0
1374082,0
1387712,0
1390308,0
1390838,0
1391923,0
1392873,0
1394892,0
1394893,0
1389778,0
1341623,0
1374081,0
1369841,0
1346029,0
1353857,0
1353962,0
1359167,0
1359292,0
1359812,0
1373877,0
1360140,0
1362531,0
1366554,0
1366555,0
1367297,0
1367818,0
1369206,0
1360807,0
1485136,0
1485356,0
1485783,0
1606282,0
1607002,0
1607400,0
1612058,0
1614879,0
1617027,0
1606262,0
1618522,0
1620696,0
1621437,0
1622913,0
1624106,0
1624756,0
1625866,0
1619929,0
1626298,0
1604794,0
1604279,0
1587936,0
1588266,0
1590211,0
1590638,0
1591057,0
1591689,0
1604387,0
1593978,0
1595421,0
1597584,0
1597810,0
1598978,0
1601931,0
1603542,0
1594200,0
1586636,0
1627139,0
1629492,0
1662769,0
1666849,0
1669217,0
1670548,0
1671360,0
1673368,0
1661521,0
1677211,0
1677970,0
1678087,0
1678405,0
1679250,0
1680100,0
1682010,0
1677449,0
1629386,0
1661408,0
1656226,0
1629597,0
1630532,0
1631391,0
1632149,0
1634083,0
1636729,0
1658751,0
1637188,0
1645004,0
1645113,0
1649120,0
1651081,0
1654688,0
1655424,0
1640647,0
1583241,0
1580356,0
1578419,0
1513151,0
1514775,0
1516531,0
1516759,0
1517209,0
1518163,0
1507737,0
1519328,0
1519757,0
1522022,0
1523286,0
1525514,0
1527001,0
1527118,0
1519648,0
1527350,0
1507410,0
1505148,0
1486849,0
1486942,0
1489126,0
1491048,0
1494113,0
1495906,0
1505367,0
1496537,0
1498355,0
1499111,0
1503321,0
1503971,0
1504087,0
1504743,0
1497785,0
1527876,0
1529798,0
1530741,0
1552663,0
1553539,0
1558681,0
1560583,0
1564089,0
1564842,0
1552459,0
1564953,0
1570621,0
1572143,0
1574374,0
1576720,0
1577774,0
1577879,0
1569543,0
1551296,0
1551084,0
1547483,0
1532197,0
1532311,0
1533804,0
1536038,0
1538898,0
1539832,0
1539833,0
1540030,0
1541289,0
1542747,0
1542962,0
1543843,0
1544592,0
1544593,0
1545438,0
1295695,0
1294643,0
1294419,0
1293786,0
1017333,0
1021890,0
1021978,0
1023055,0
1023287,0
1023812,0
1016696,0
1027449,0
1032939,0
1033893,0
1035253,0
1035638,0
1038351,0
1038465,0
1028288,0
1038982,0
1016395,0
1015431,0
997827,0
998236,0
998343,0
1001015,0
1001466,0
1002018,0
1015640,0
1003799,0
1005856,0
1009229,0
1009230,0
1011159,0
1012766,0
1012767,0
1005738,0
997728,0
1041194,0
1042507,0
1064168,0
1064459,0
1067119,0
1070850,0
1071222,0
1074328,0
1062264,0
1077537,0
1081024,0
1085080,0
1086898,0
1088812,0
1088931,0
1089140,0
1080277,0
1041367,0
1060338,0
1058480,0
1044278,0
1044782,0
1044991,0
1045923,0
1046239,0
1046347,0
1059135,0
1048051,0
1051929,0
1052908,0
1054270,0
1054376,0
1057309,0
1057628,0
1049343,0
997304,0
997303,0
996375,0
930379,0
931457,0
931766,0
931970,0
932086,0
932722,0
927243,0
932723,0
939801,0
942036,0
942371,0
946080,0
946926,0
948311,0
935507,0
948417,0
927035,0
924889,0
900958,0
901809,0
903479,0
905472,0
905907,0
907189,0
926376,0
911240,0
914776,0
915116,0
917996,0
919998,0
922753,0
923932,0
914041,0
950028,0
953034,0
953869,0
981042,0
981149,0
982285,0
982286,0
982385,0
984050,0
975567,0
984297,0
985457,0
985554,0
987594,0
991827,0
993619,0
995647,0
984400,0
974194,0
974093,0
970947,0
954177,0
954607,0
955143,0
957490,0
959271,0
960539,0
960857,0
963094,0
963204,0
963524,0
963949,0
967469,0
967900,0
968610,0
970211,0
1089141,0
899972,0
1089781,0
1091303,0
1221432,0
1222273,0
1223751,0
1225432,0
1233694,0
1235087,0
1220127,0
1235837,0
1237105,0
1237850,0
1238044,0
1239645,0
1244333,0
1246376,0
1236366,0
1247331,0
1219486,0
1219082,0
1201887,0
1202534,0
1203046,0
1203150,0
1203380,0
1206805,0
1219380,0
1207243,0
1209287,0
1210016,0
1212020,0
1214160,0
1216930,0
1217674,0
1207460,0
1196904,0
1247449,0
1250311,0
1275136,0
1276563,0
1279277,0
1281502,0
1283544,0
1286286,0
1273972,0
1287150,0
1289371,0
1290338,0
1291623,0
1291743,0
1292175,0
1293026,0
1288531,0
1249879,0
1273559,0
1270867,0
1252788,0
1256749,0
1256959,0
1258745,0
1260959,0
1261801,0
1271623,0
1262886,0
1263622,0
1263623,0
1264598,0
1265450,0
1267900,0
1269151,0
1263416,0
1195854,0
1195853,0
1192617,0
1120358,0
1121651,0
1123186,0
1123954,0
1126308,0
1130421,0
1120036,0
1133157,0
1135392,0
1138050,0
1139509,0
1140724,0
1143812,0
1145196,0
1133591,0
1145404,0
1117365,0
1115678,0
1094506,0
1099192,0
1099193,0
1100367,0
1101017,0
1102197,0
1117033,0
1102514,0
1106365,0
1107333,0
1107556,0
1112071,0
1114839,0
1114840,0
1103270,0
1145925,0
1149407,0
1149536,0
1175807,0
1176794,0
1176911,0
1177017,0
1177333,0
1178635,0
1173115,0
1179791,0
1182466,0
1185664,0
1186296,0
1188433,0
1191560,0
1192392,0
1182465,0
1172048,0
1171517,0
1170880,0
1150167,0
1151980,0
1153678,0
1155166,0
1155585,0
1155801,0
1157737,0
1158260,0
1158464,0
1161650,0
1162702,0
1163637,0
1163945,0
1165096,0
1170599,0
1090212,0
3310576,0
2780029,0
3313229,0
4194395,0
5105289,0
4194171,0
4193532,0
5107182,0
4192811,0
4190808,0
4190268,0
4189620,0
5109526,0
4188784,0
4188047,0
4186445,0
5114032,0
4184602,0
4183409,0
5116601,0
5119156,0
4179565,0
5120229,0
4177944,0
4176990,0
4169489,0
5105179,0
4197058,0
5104026,0
5103812,0
4222065,0
4219999,0
4217870,0
5090714,0
5090715,0
4216296,0
5094072,0
4215770,0
4213339,0
4211782,0
5094293,0
4168245,0
5095701,0
4207201,0
5097305,0
4205805,0
4205588,0
4204336,0
5100634,0
4203571,0
5103286,0
4201532,0
4199060,0
4197564,0
4208933,0
5125404,0
5125509,0
4166037,0
4126403,0
4125526,0
4125092,0
5146367,0
4125091,0
4124994,0
4124035,0
4122049,0
5151029,0
5152275,0
4116983,0
5145936,0
5152377,0
4114343,0
4114309,0
4113573,0
4112929,0
5154939,0
4110922,0
5155699,0
5156251,0
4109840,0
4109407,0
4109112,0
4115666,0
4222379,0
5135753,0
4134808,0
4165170,0
5126575,0
5127219,0
4160036,0
5127569,0
4156700,0
5127685,0
5129357,0
4149851,0
5129898,0
4146426,0
5135195,0
4145586,0
5130747,0
5132580,0
4139602,0
4139601,0
4138958,0
5132781,0
4137878,0
4137876,0
4135882,0
5134370,0
4135660,0
4145585,0
5160403,0
5089548,0
4225648,0
4310878,0
4310738,0
5036496,0
4309943,0
4307582,0
4306481,0
4306163,0
5046129,0
4303678,0
4303147,0
5047321,0
4301772,0
5047531,0
4301560,0
4301351,0
5047634,0
4301014,0
4300095,0
4298729,0
4297780,0
4294993,0
4294464,0
5047955,0
4311719,0
4312255,0
5036391,0
5036298,0
4344768,0
5023267,0
4342911,0
4342509,0
4341847,0
4340875,0
4340542,0
5023796,0
5024235,0
4339487,0
4339181,0
4292388,0
5026237,0
5026993,0
4328311,0
5029336,0
4326646,0
4326114,0
5029558,0
5032330,0
4321293,0
5034157,0
4319795,0
4318165,0
4334385,0
5049038,0
4288970,0
4288760,0
4257723,0
5071469,0
4252771,0
4248457,0
4248456,0
4248146,0
5078099,0
4244842,0
4242793,0
5081011,0
5081902,0
4257936,0
4239188,0
5082536,0
4237897,0
5083509,0
4235786,0
4235139,0
4232028,0
5083513,0
4231480,0
4229708,0
5085206,0
4227124,0
4238220,0
4223773,0
4260054,0
4262651,0
4288539,0
4287993,0
4287138,0
4287038,0
5049464,0
5050978,0
4286080,0
4285322,0
4284562,0
5051195,0
5053157,0
5066574,0
4281049,0
4280296,0
4280074,0
4276328,0
5059664,0
5060507,0
4269385,0
4269169,0
4268421,0
4265637,0
5063375,0
5065391,0
5054213,0
4107598,0
5165299,0
4103756,0
5257328,0
3950140,0
5257653,0
5258734,0
3948398,0
5260646,0
3947324,0
5261696,0
3946475,0
5262136,0
3944973,0
5263406,0
3942976,0
3939661,0
3937644,0
5265523,0
3937547,0
3937234,0
3936268,0
5267976,0
3935837,0
3935732,0
5269585,0
3950559,0
3950662,0
3950991,0
3952738,0
5231685,0
3980567,0
3979283,0
5234738,0
3978015,0
3976613,0
3975872,0
3975444,0
5235170,0
3975005,0
5238509,0
5269798,0
3972846,0
5243693,0
3972398,0
3970387,0
3969646,0
3968675,0
3968047,0
3964555,0
3964458,0
5246132,0
3957535,0
5252578,0
5243268,0
5274623,0
3928000,0
5275039,0
3895805,0
5289678,0
3893812,0
5291396,0
3893282,0
3891594,0
3891264,0
5294698,0
5294918,0
5296648,0
3890262,0
3899473,0
3889547,0
5303566,0
3881792,0
5304207,0
3879090,0
5304624,0
3878772,0
3877391,0
5307418,0
3873432,0
5307631,0
3870219,0
5299510,0
3980673,0
3901907,0
3903940,0
3925792,0
5275146,0
5276345,0
3919432,0
3919221,0
3918680,0
5280206,0
3916223,0
3915691,0
3914856,0
3913167,0
3902020,0
5280428,0
3911551,0
3906794,0
5280751,0
5280968,0
3906375,0
3905205,0
3905113,0
5281473,0
3904042,0
3904041,0
5282432,0
3912089,0
3981226,0
3981332,0
3983222,0
5183197,0
4080025,0
4079808,0
4074347,0
5185515,0
4073288,0
5186036,0
5186056,0
4071573,0
5186691,0
5187648,0
5180854,0
4069107,0
4063620,0
5188699,0
5188924,0
4063426,0
4062924,0
4062813,0
4061432,0
4061224,0
4060678,0
5193237,0
4057356,0
4065520,0
5196359,0
4083316,0
4085037,0
4103010,0
4101711,0
4101507,0
5165710,0
4099516,0
4099007,0
5166235,0
4097742,0
5166334,0
4097537,0
4096013,0
4083533,0
4095807,0
4095378,0
4095141,0
4094618,0
4093337,0
4091866,0
5171590,0
4090781,0
4090005,0
5174475,0
4088849,0
4087446,0
5166892,0
5019573,0
4052752,0
4050593,0
5216577,0
4014396,0
5217849,0
5218582,0
4014073,0
4014072,0
4012192,0
5221040,0
5221139,0
4003320,0
4002678,0
4014397,0
5221248,0
3999501,0
3997899,0
5224070,0
3995096,0
5225779,0
3991001,0
5225994,0
3989505,0
3985918,0
3984731,0
3984730,0
4000528,0
5197435,0
4015784,0
4020323,0
4050479,0
4048335,0
5199351,0
4046641,0
4045797,0
4045151,0
5201152,0
5201374,0
4041373,0
4037936,0
5207592,0
4017670,0
4035034,0
5210855,0
4028492,0
5210856,0
5211712,0
4028176,0
4027133,0
5212447,0
4023630,0
5215195,0
4022442,0
4780810,0
4032107,0
3869789,0
4348075,0
4351270,0
4650777,0
4646855,0
4646452,0
4859281,0
4643482,0
4861752,0
4861859,0
4640112,0
4640111,0
4639364,0
4638944,0
4862487,0
4638943,0
4638609,0
4636687,0
4862805,0
4636686,0
4634116,0
4632921,0
4632064,0
4631318,0
4864766,0
4865039,0
4650986,0
4857690,0
4651625,0
4653106,0
4683575,0
4844421,0
4680680,0
4680475,0
4678407,0
4845200,0
4846284,0
4673085,0
4672336,0
4672013,0
4847684,0
4628545,0
4849662,0
4668188,0
4849868,0
4665422,0
4665319,0
4851253,0
4661919,0
4851254,0
4656903,0
4654873,0
4854816,0
4653521,0
4669808,0
4627374,0
4866717,0
4627159,0
4606782,0
4880217,0
4604925,0
4604717,0
4604070,0
4880218,0
4603862,0
4603651,0
4602122,0
4601800,0
4601155,0
4606882,0
4883928,0
4886250,0
4596535,0
4886251,0
4592242,0
4591590,0
4588092,0
4892329,0
4586052,0
4892864,0
4585196,0
4585195,0
4885815,0
4684215,0
4607575,0
4878823,0
4626839,0
4625544,0
4624989,0
4624776,0
4869487,0
4623900,0
4621772,0
4621125,0
4621009,0
4870764,0
4619636,0
4608789,0
4619530,0
4872367,0
4618468,0
4874530,0
4618351,0
4616964,0
4878058,0
4614069,0
4613438,0
4613093,0
4611063,0
4610747,0
4619203,0
4584980,0
4684328,0
4686527,0
4794542,0
4749607,0
4796119,0
4748029,0
4747585,0
4798806,0
4746390,0
4745942,0
4745941,0
4742298,0
4741854,0
4806151,0
4739631,0
4736368,0
4735526,0
4733076,0
4730145,0
4811190,0
4811832,0
4728790,0
4812337,0
4813385,0
4724360,0
4754022,0
4792874,0
4754130,0
4754235,0
4777063,0
4776859,0
4775551,0
4781225,0
4774498,0
4782520,0
4771296,0
4769910,0
4783055,0
4768279,0
4786111,0
4723642,0
4766548,0
4763917,0
4788543,0
4761817,0
4761393,0
4760567,0
4789525,0
4759492,0
4758184,0
4758081,0
4789952,0
4756777,0
4787910,0
4722605,0
4722493,0
4814023,0
4703334,0
4832093,0
4702373,0
4702144,0
4833303,0
4833734,0
4695569,0
4834066,0
4695032,0
4694661,0
4694243,0
4830550,0
4835853,0
4690396,0
4836385,0
4836393,0
4689542,0
4689113,0
4688669,0
4688418,0
4688334,0
4688121,0
4839980,0
4687914,0
4690502,0
4843339,0
4829711,0
4704914,0
4720225,0
4719263,0
4718403,0
4717749,0
4815213,0
4717105,0
4717104,0
4717002,0
4816363,0
4712896,0
4819816,0
4704498,0
4710970,0
4710040,0
4825002,0
4707586,0
546,0
4825324,0
4707057,0
4706956,0
4706536,0
4706535,0
4706013,0
4825432,0
4710654,0
4584673,0
4892865,0
4582547,0
4979519,0
4431056,0
4430315,0
4429655,0
4980685,0
4423984,0
4980894,0
4423770,0
4980999,0
4981957,0
4418899,0
4981958,0
4984943,0
4412598,0
4986031,0
4408870,0
4987367,0
4406320,0
4405057,0
4989222,0
4989531,0
4400753,0
4398650,0
4432873,0
4979205,0
4435031,0
4977342,0
4957254,0
4458439,0
4457045,0
4959598,0
4455361,0
4454727,0
4963225,0
4453546,0
4965338,0
4965961,0
4966703,0
4396111,0
4967694,0
4448675,0
4973193,0
4976146,0
4439995,0
4439332,0
4976366,0
4438277,0
4438171,0
4437406,0
4436637,0
4436428,0
4450409,0
4396011,0
4391267,0
4994945,0
4370981,0
5005940,0
4370052,0
5007094,0
4367938,0
4366318,0
5009920,0
4364707,0
4363308,0
4363113,0
5010120,0
4371625,0
4362368,0
5011803,0
4357372,0
4357269,0
5013309,0
4356838,0
4355464,0
5016417,0
4353274,0
4353174,0
5018251,0
4352542,0
4359749,0
4467755,0
4371732,0
5004337,0
4995678,0
4390874,0
4390335,0
4389339,0
4997194,0
4388653,0
4997731,0
4387795,0
4998923,0
4382499,0
4382391,0
4373034,0
4999677,0
4379420,0
5000627,0
4378579,0
4378161,0
4377503,0
4377403,0
5002947,0
5004336,0
4375395,0
4375394,0
4373351,0
5000417,0
4957030,0
4956290,0
4954223,0
4551742,0
4914622,0
4546748,0
4545248,0
4919822,0
4543020,0
4920143,0
4541850,0
4541212,0
4921845,0
4921846,0
4913233,0
4539531,0
4539214,0
4538599,0
4922167,0
4537354,0
4536040,0
4534339,0
4534338,0
4924192,0
4924399,0
4924516,0
4529429,0
4921847,0
4925484,0
4552574,0
4554777,0
4581680,0
4580617,0
4893369,0
4577615,0
4577305,0
4898522,0
4572400,0
4571102,0
4570048,0
4899495,0
4569941,0
4554461,0
4569415,0
4568791,0
4566443,0
4903806,0
4564081,0
4906501,0
4562593,0
4562151,0
4556812,0
4907700,0
4907916,0
4909814,0
4901078,0
5018357,0
4523570,0
4522794,0
4495738,0
4939137,0
4940524,0
4494034,0
4942106,0
4493924,0
4493594,0
4492752,0
4492645,0
4491459,0
4947335,0
4938176,0
4486956,0
4948619,0
4482887,0
4949356,0
4481200,0
4951588,0
4475607,0
4953278,0
4954022,0
4473269,0
4472300,0
4472299,0
4948180,0
4925573,0
4495944,0
4935846,0
4520985,0
4518037,0
4518036,0
4517821,0
4516526,0
4927009,0
4927428,0
4514358,0
4513304,0
4512877,0
4511385,0
4498753,0
4927534,0
4932129,0
4508755,0
4507804,0
4506746,0
4504053,0
4502585,0
4935004,0
4935434,0
4501828,0
4500662,0
4500364,0
4510771,0
3869037,0
5215400,0
4779850,0
79,0
3651834,0
3454115,0
3651621,0
199,0
3651522,0
80,0
3459477,0
198,0
200,0
3648852,0
196,0
3462056,0
3462367,0
195,0
81,0
3645478,0
194,0
193,0
3642779,0
197,0
3654311,0
201,0
202,0
75,0
76,0
209,0
208,0
3665871,0
3447321,0
207,0
3447611,0
3664147,0
3663608,0
206,0
77,0
3449693,0
205,0
204,0
3661178,0
3449800,0
203,0
78,0
3658066,0
3450920,0
3642364,0
3464300,0
192,0
82,0
3474568,0
182,0
3475774,0
181,0
85,0
3626874,0
3475976,0
3626167,0
180,0
86,0
179,0
3625090,0
3624659,0
178,0
177,0
3620714,0
176,0
175,0
3619800,0
174,0
87,0
3627147,0
3667693,0
183,0
184,0
3639721,0
191,0
190,0
3639411,0
3638988,0
3468738,0
83,0
3636204,0
189,0
3468954,0
3471642,0
3633928,0
188,0
187,0
3633170,0
84,0
3472388,0
186,0
3633169,0
3632851,0
185,0
3629485,0
3618859,0
3444965,0
3669611,0
3697798,0
3697495,0
5402209,0
227,0
3421512,0
62,0
63,0
3695278,0
3424414,0
3420332,0
3693911,0
3692514,0
226,0
3692191,0
225,0
3692083,0
66,0
67,0
3691766,0
68,0
65,0
3418817,0
229,0
61,0
58,0
3415507,0
3712362,0
3712158,0
3415824,0
3711325,0
3711215,0
234,0
59,0
3708704,0
3416573,0
3704543,0
3704422,0
60,0
3416891,0
232,0
3703988,0
231,0
3701513,0
230,0
3698533,0
3429164,0
224,0
3689636,0
3689523,0
3678447,0
3437706,0
215,0
72,0
214,0
3676396,0
3439671,0
73,0
3676179,0
74,0
3675451,0
213,0
212,0
3673291,0
3442779,0
3672953,0
3671976,0
211,0
210,0
3444084,0
3444530,0
3679078,0
3669610,0
216,0
1944,0
3688682,0
3433750,0
3688571,0
3433859,0
223,0
3688245,0
69,0
222,0
3687388,0
221,0
3686464,0
70,0
220,0
3686014,0
3684631,0
3436311,0
219,0
3684416,0
218,0
217,0
3682870,0
71,0
3413705,0
173,0
3618858,0
3555998,0
138,0
3508010,0
3554197,0
137,0
136,0
3509901,0
3553211,0
3552901,0
106,0
107,0
3551599,0
3510008,0
134,0
3549866,0
3548794,0
133,0
132,0
131,0
3546949,0
135,0
3556103,0
3507466,0
105,0
3564885,0
145,0
144,0
3564039,0
3501356,0
3563931,0
103,0
3503282,0
3563249,0
143,0
104,0
3562102,0
142,0
3504980,0
141,0
3559316,0
3559205,0
140,0
3506703,0
139,0
3557484,0
3545255,0
108,0
3512358,0
3545050,0
124,0
3536474,0
3533604,0
115,0
3532203,0
3524458,0
3531993,0
3531886,0
123,0
3531785,0
3531684,0
3530432,0
122,0
121,0
120,0
116,0
119,0
3525646,0
3527588,0
118,0
117,0
3524155,0
3566851,0
125,0
126,0
109,0
3544603,0
130,0
110,0
3515803,0
111,0
3516459,0
112,0
3543095,0
3542560,0
113,0
3541822,0
3540533,0
129,0
3521048,0
3540215,0
128,0
3538196,0
114,0
3537437,0
127,0
3521261,0
88,0
3567909,0
3568024,0
167,0
3606296,0
166,0
3603105,0
3486267,0
165,0
164,0
3601795,0
3600068,0
3606918,0
93,0
163,0
162,0
94,0
3597821,0
3597709,0
3597594,0
161,0
3597593,0
3597150,0
3488180,0
92,0
3485731,0
3608202,0
3618749,0
172,0
3618632,0
3617890,0
171,0
3616526,0
89,0
3615154,0
170,0
3610984,0
3480897,0
169,0
168,0
90,0
3610395,0
3482793,0
3609599,0
3482902,0
5311598,0
3608422,0
91,0
3596837,0
95,0
160,0
3595543,0
3495825,0
3579650,0
3578564,0
99,0
3496149,0
3577908,0
151,0
150,0
100,0
3575205,0
3573941,0
3496586,0
149,0
3573940,0
148,0
3572123,0
3569778,0
101,0
147,0
3500295,0
102,0
152,0
146,0
3495291,0
3583835,0
96,0
3595015,0
97,0
159,0
3594154,0
3491279,0
3491546,0
158,0
3592667,0
3590564,0
157,0
156,0
155,0
3492440,0
98,0
3493066,0
3588208,0
154,0
3586174,0
3584668,0
3494525,0
153,0
3713100,0
64,0
3413500,0
3358497,0
24,0
3358927,0
3359781,0
3795893,0
3362549,0
3795669,0
5358028,0
3794612,0
3363939,0
3794399,0
26,0
3794291,0
5359305,0
5359950,0
3792434,0
3792326,0
3800555,0
3364815,0
5355866,0
5355240,0
5348521,0
3814934,0
20,0
5348945,0
3811719,0
3351295,0
3351829,0
5406746,0
5349587,0
3809715,0
3354264,0
3356375,0
3805455,0
3356376,0
3356782,0
5405300,0
3800977,0
5355558,0
5405198,0
235,0
3790936,0
5372685,0
5373095,0
3776084,0
5373317,0
3380418,0
34,0
3774559,0
3773271,0
3381074,0
35,0
3772828,0
3382155,0
3771878,0
3383433,0
5374403,0
3384173,0
36,0
33,0
5372659,0
3375620,0
5371051,0
3789329,0
3366917,0
3367969,0
3788190,0
3787337,0
3786877,0
30,0
3785826,0
3351115,0
5367705,0
3373093,0
3783554,0
3373499,0
3783246,0
3782689,0
32,0
3782059,0
5370411,0
3784760,0
3349171,0
3817312,0
5347687,0
3854363,0
5319365,0
3854362,0
3853841,0
3319877,0
3320484,0
3320594,0
5320564,0
3321773,0
3852873,0
3851805,0
3851597,0
3849814,0
3321883,0
3848002,0
3847255,0
3845636,0
5318059,0
3318579,0
3317812,0
5316285,0
3314198,0
3867006,0
3866688,0
3865939,0
3865516,0
3865286,0
5312578,0
3315421,0
3329445,0
3863595,0
3862515,0
3315422,0
3859100,0
3858682,0
3317267,0
3858136,0
5316059,0
3856212,0
5314161,0
37,0
5327079,0
5408651,0
3826274,0
3341529,0
3342148,0
5337594,0
5339716,0
3342692,0
15,0
3823161,0
3820400,0
5344515,0
3819317,0
3818463,0
18,0
3347468,0
3817628,0
19,0
3349072,0
3341429,0
5335890,0
5335674,0
3341018,0
5327185,0
3331774,0
3331875,0
3843800,0
3842939,0
3841337,0
3841127,0
3840698,0
3330063,0
3337506,0
5330719,0
5332296,0
3834932,0
3833903,0
5333244,0
13,0
3339958,0
3831651,0
3339107,0
38,0
3525985,0
3726195,0
3407558,0
3758331,0
43,0
3731804,0
3758770,0
54,0
55,0
3394604,0
3394505,0
3399093,0
3724919,0
3742845,0
3723445,0
42,0
5390256,0
3391514,0
3770900,0
3758875,0
3404685,0
3,0
3748427,0
3722012,0
3399296,0
5390680,0
41,0
3743282,0
5383529,0
3754641,0
3394828,0
3747577,0
3395592,0
52,0
3406374,0
47,0
3730635,0
3398448,0
3407124,0
46,0
5396161,0
5397117,0
3731690,0
5397324,0
45,0
3750570,0
5385885,0
5388464,0
3395261,0
3728220,0
44,0
3398988,0
3744243,0
53,0
48,0
3395049,0
3754026,0
3404589,0
49,0
3721907,0
3399510,0
39,0
3409936,0
56,0
5397757,0
3737879,0
5390989,0
3766407,0
3766814,0
3385582,0
5381702,0
3738405,0
3733406,0
3410382,0
3402083,0
57,0
3769290,0
3733700,0
3736722,0
3716608,0
5379233,0
3769603,0
236,0
5377776,0
3768623,0
5381919,0
3719203,0
3397389,0
50,0
3765769,0
5382792,0
5390783,0
3762217,0
3390015,0
3409719,0
5382026,0
3738929,0
3408766,0
51,0
3762435,0
40,0
3760216,0
3721689,0
5399241,0
1023811,1
4925835,1
1208359,1
1031532,1
4943867,1
158519,1
4857909,1
161564,1
1122968,1
1204943,1
4861186,1
4875163,1
155375,1
12,1
29865,1
1030022,1
1101100,1
4796642,1
31253,1
85399,1
4800388,1
5407040,1
5408548,1
4803492,1
1026914,1
98097,1
1203258,1
121639,1
4793498,1
4785160,1
1221533,1
4783665,1
16721,1
1111942,1
167793,1
1224392,1
1009759,1
4940740,1
92985,1
1224814,1
13418,1
3,1
2,1
1231748,1
4864316,1
1116501,1
169162,1
10335,1
1234766,1
1005961,1
91563,1
1,1
1113474,1
4942175,1
4865680,1
1227885,1
1108784,1
4867476,1
1013608,1
4930417,1
1104226,1
4931937,1
8,1
1212127,1
26754,1
7,1
1019947,1
1215213,1
6,1
1216645,1
1107332,1
4933629,1
1016697,1
23004,1
4804879,1
4789736,1
88380,1
164706,1
21325,1
1218313,1
1119817,1
19920,1
4788196,1
94703,1
5410558,1
4937049,1
4870866,1
1126825,1
36241,1
151604,1
4902941,1
1149957,1
59863,1
4889123,1
4845120,1
4906067,1
136466,1
1166896,1
1087102,1
58446,1
1168421,1
115366,1
4832653,1
1057409,1
1171516,1
4886038,1
4907602,1
1056849,1
55225,1
1146245,1
1173005,1
139933,1
4829375,1
1054269,1
4826262,1
27,1
1176141,1
1083984,1
1060562,1
72343,1
4835726,1
1073682,1
1157624,1
1071972,1
125294,1
4840527,1
4841069,1
4837233,1
64692,1
1077119,1
1154529,1
4895298,1
1070576,1
67880,1
4909300,1
1067458,1
4899159,1
1153041,1
1160791,1
61688,1
118442,1
131868,1
70966,1
1063623,1
1080819,1
4892218,1
4843668,1
5402432,1
134963,1
128520,1
4846811,1
1051085,1
4882864,1
1187059,1
4879788,1
146992,1
1133156,1
1039756,1
1190148,1
4813814,1
1096422,1
105721,1
1191673,1
4922691,1
150052,1
1131280,1
1042799,1
17,1
16,1
33141,1
1036648,1
4810535,1
14,1
81933,1
1198721,1
1129894,1
1201770,1
1033251,1
4878286,1
1099520,1
102028,1
1195403,1
4806710,1
39359,1
1093362,1
52130,1
74230,1
1143100,1
4912696,1
25,1
48982,1
1047936,1
1090211,1
4916350,1
1177665,1
4917864,1
112263,1
1139976,1
1044277,1
4919602,1
4850815,1
23,1
4820041,1
77632,1
1180724,1
143125,1
1136256,1
108802,1
4816928,1
1183855,1
45779,1
4854508,1
42800,1
4823175,1
5403935,1
487438,1
1002533,1
639176,1
640984,1
5209889,1
383353,1
644955,1
5206112,1
5202245,1
379942,1
648265,1
5375771,1
5377561,1
637794,1
651698,1
5199134,1
5380611,1
373583,1
654819,1
656202,1
658003,1
5192833,1
372060,1
5189673,1
19,1
661426,1
376723,1
634739,1
5374402,1
631529,1
598946,1
5224908,1
397899,1
602046,1
5223325,1
605762,1
394844,1
609043,1
393351,1
609906,1
5360164,1
612849,1
616010,1
5363484,1
619136,1
620657,1
390212,1
5366662,1
623943,1
5369754,1
627029,1
628472,1
5216471,1
386486,1
5213183,1
665246,1
595530,1
5187854,1
671330,1
5167516,1
347000,1
345205,1
343742,1
340825,1
701327,1
339067,1
704655,1
707657,1
337620,1
5392177,1
697942,1
709034,1
5161264,1
5157974,1
714174,1
5395976,1
334485,1
331405,1
5154197,1
718096,1
721247,1
724989,1
728107,1
710743,1
694208,1
5168944,1
5170764,1
672815,1
674613,1
368959,1
5186471,1
365708,1
5383858,1
677735,1
5183388,1
679086,1
680756,1
684156,1
362567,1
5386967,1
359516,1
358037,1
354927,1
5180208,1
687887,1
5177092,1
689376,1
5388463,1
351581,1
691083,1
5174046,1
350060,1
668394,1
5226410,1
5227928,1
400958,1
5282638,1
466144,1
5320987,1
462972,1
524708,1
5321869,1
5324133,1
528371,1
531517,1
531939,1
533001,1
522910,1
459643,1
5327186,1
538083,1
456561,1
5280296,1
541685,1
5328703,1
5279351,1
5330400,1
543190,1
5276225,1
453423,1
534712,1
521410,1
518303,1
5285957,1
490541,1
5310369,1
5306991,1
5305148,1
493636,1
484331,1
481213,1
495216,1
5303674,1
5314595,1
498262,1
5300594,1
478148,1
5297290,1
502024,1
5293959,1
5292450,1
474662,1
505151,1
5317854,1
508302,1
512063,1
5289375,1
515170,1
467623,1
5274649,1
546283,1
5271532,1
552689,1
577002,1
5244770,1
580026,1
581562,1
423791,1
584745,1
586231,1
420485,1
5350128,1
5351629,1
417247,1
5241643,1
5237979,1
5353322,1
414147,1
5234835,1
412641,1
409562,1
589287,1
592339,1
405845,1
5357063,1
593774,1
5231684,1
402543,1
5248039,1
5150180,1
426892,1
573838,1
450113,1
556006,1
446968,1
5268426,1
5333663,1
443810,1
440712,1
5336849,1
5265104,1
559752,1
562878,1
437318,1
5339919,1
566063,1
433540,1
5341333,1
430126,1
5343054,1
5258092,1
5347070,1
569062,1
428350,1
5256566,1
570642,1
5254197,1
5251059,1
731205,1
734430,1
5148525,1
901385,1
229570,1
903060,1
906430,1
5016200,1
910092,1
225953,1
913933,1
5012737,1
222067,1
5011044,1
5020090,1
917025,1
5009581,1
923402,1
218973,1
215818,1
214238,1
5005939,1
927242,1
211153,1
208046,1
930378,1
5002511,1
920299,1
5023477,1
899903,1
896801,1
871261,1
874813,1
5047954,1
248530,1
876316,1
245400,1
878046,1
5044862,1
5041189,1
5039558,1
5036599,1
881474,1
242286,1
5034699,1
885147,1
5033402,1
239379,1
239152,1
888893,1
237291,1
891964,1
235839,1
893441,1
5025055,1
232703,1
5000728,1
931872,1
4999352,1
934967,1
4977242,1
971155,1
186449,1
974510,1
183287,1
977599,1
978992,1
980816,1
4971077,1
4967890,1
181825,1
984093,1
4960907,1
4959068,1
987265,1
4957698,1
990386,1
991826,1
994813,1
4954563,1
174399,1
4951220,1
999414,1
1000909,1
170957,1
187995,1
867846,1
190925,1
4980473,1
204882,1
936481,1
939597,1
4996225,1
942711,1
946499,1
203367,1
4993068,1
4991383,1
949592,1
4989958,1
951102,1
952721,1
4987812,1
4986812,1
955899,1
200220,1
958969,1
197146,1
960440,1
4983654,1
195618,1
963525,1
192532,1
965021,1
968104,1
4947277,1
866047,1
864635,1
775543,1
777099,1
313257,1
5125829,1
780208,1
5124745,1
781605,1
783386,1
5122751,1
5121281,1
310203,1
772556,1
5118198,1
786575,1
5115110,1
5111917,1
789905,1
5108706,1
305598,1
792992,1
5104971,1
301752,1
794366,1
796080,1
308621,1
769369,1
5127340,1
314717,1
5399337,1
5147043,1
327686,1
737478,1
324209,1
5144040,1
740633,1
5140851,1
742132,1
5137015,1
322496,1
5133635,1
745923,1
320993,1
317859,1
749254,1
233,1
5131924,1
753045,1
5130433,1
756145,1
759228,1
760707,1
762419,1
765825,1
298629,1
5103487,1
799171,1
800656,1
840251,1
5079619,1
5077996,1
843384,1
271182,1
5074975,1
5071171,1
267704,1
5067480,1
847174,1
265991,1
5061137,1
850255,1
853360,1
5058131,1
5054325,1
264629,1
854883,1
261527,1
858091,1
259950,1
861512,1
5051090,1
256958,1
255368,1
274898,1
252234,1
837095,1
5083401,1
294868,1
802460,1
805533,1
5100427,1
808560,1
5097004,1
810070,1
811731,1
290933,1
5093640,1
5090821,1
815130,1
819418,1
5089558,1
289157,1
822477,1
287760,1
5087840,1
5086465,1
825873,1
829151,1
284632,1
281266,1
832258,1
278094,1
833765,1
5027208,1
1682976,1
4778751,1
3791477,1
2624492,1
2620844,1
3793084,1
2617469,1
2615716,1
2614223,1
3796195,1
3799273,1
2611123,1
3800770,1
2606836,1
2603409,1
2601721,1
2600246,1
2626003,1
3788503,1
2627706,1
2631079,1
2664760,1
2661707,1
3771008,1
2658361,1
2656785,1
3775132,1
2653663,1
3802496,1
2651967,1
3778843,1
3781953,1
2644323,1
2641168,1
2638067,1
3785302,1
2634775,1
2650503,1
2666343,1
2596569,1
2593158,1
3826483,1
3827952,1
3830925,1
2552245,1
3832509,1
2550557,1
2549081,1
3835581,1
2545823,1
3836999,1
3838789,1
3842181,1
2542246,1
3845303,1
2538384,1
2555687,1
2559289,1
3823309,1
2561030,1
2591368,1
3810227,1
2589958,1
3813328,1
3816422,1
2586339,1
2582902,1
3805873,1
2581128,1
3819520,1
2576545,1
2573257,1
2571779,1
2568685,1
2565531,1
2562557,1
2579647,1
2669371,1
3769291,1
3767858,1
2750065,1
3699487,1
3702601,1
3704101,1
2746932,1
3705825,1
2745392,1
3709230,1
2742312,1
3713527,1
2739120,1
3716607,1
2736018,1
3718051,1
3719865,1
3696424,1
2751477,1
2753264,1
2756677,1
2786505,1
2785164,1
3679938,1
3682982,1
2782014,1
3684435,1
2778831,1
2732284,1
3686228,1
2770517,1
2767469,1
3689310,1
2764176,1
3690702,1
2760374,1
3692410,1
2775708,1
3723346,1
2728322,1
3726948,1
2697488,1
2695813,1
2694423,1
3753365,1
2691309,1
3754870,1
3758559,1
3750368,1
2687315,1
2684134,1
3761591,1
2681042,1
3764821,1
2679536,1
2676428,1
2672691,1
2685593,1
2535256,1
3748850,1
3745758,1
3728439,1
2726609,1
3730111,1
2725124,1
2722025,1
2717939,1
3733499,1
2701505,1
3737777,1
2714851,1
2711811,1
3740854,1
3742335,1
2708412,1
2707877,1
2705275,1
2716281,1
2533547,1
2532056,1
3848446,1
2356214,1
3952211,1
2353135,1
3956205,1
2350024,1
3959870,1
3962960,1
2346336,1
3966154,1
2343269,1
2340128,1
3969095,1
2337065,1
2333915,1
2330713,1
2358459,1
2359448,1
3950458,1
2366488,1
2397435,1
3067,1
3934381,1
3935941,1
2394258,1
2390927,1
2387159,1
2327542,1
3939662,1
2383942,1
3945868,1
2380230,1
2376933,1
2373689,1
3948997,1
2369922,1
3942762,1
2325836,1
3973830,1
3975230,1
4001586,1
2286837,1
4004725,1
4007810,1
2283577,1
4011218,1
2279803,1
2289876,1
2276594,1
2275106,1
2271987,1
4017355,1
2268903,1
4020434,1
2265104,1
2262025,1
4014283,1
3931435,1
2293029,1
3996698,1
2324321,1
3977042,1
2321191,1
2318034,1
2314889,1
3980999,1
2311160,1
3998529,1
3984307,1
3987433,1
2304221,1
3990579,1
2301110,1
3992165,1
3995200,1
2296270,1
2308089,1
3676614,1
2398996,1
2402116,1
3870539,1
2493018,1
2491227,1
3873647,1
2489873,1
3876988,1
2486675,1
2483626,1
3880129,1
2480548,1
3883280,1
2476757,1
3884785,1
3887838,1
2472615,1
2496426,1
3868718,1
3867242,1
3864136,1
2528907,1
2527395,1
3851490,1
2524322,1
2522822,1
2519722,1
3854590,1
3890920,1
2516382,1
2514807,1
3857916,1
2511822,1
2508002,1
3861018,1
2504914,1
2503423,1
3856102,1
2471026,1
2469511,1
2466381,1
2425350,1
3911133,1
2424062,1
3912949,1
2421284,1
2419628,1
2418225,1
3909727,1
3916868,1
2411927,1
3920590,1
2408524,1
3923643,1
2406688,1
3926732,1
2405278,1
2415024,1
3928213,1
3906582,1
2432195,1
2464927,1
2461868,1
2458793,1
2454943,1
2453456,1
3894123,1
2450491,1
2429178,1
2446688,1
2443246,1
3900290,1
2441458,1
2440071,1
3903411,1
2436942,1
2433733,1
3897224,1
2788315,1
2791359,1
2792883,1
3150383,1
3432072,1
3147280,1
3435394,1
3145485,1
3143990,1
3438575,1
3141030,1
3137868,1
3442293,1
3134814,1
3131762,1
3445498,1
3447009,1
3128640,1
3428028,1
3426330,1
3151785,1
3153528,1
3178601,1
3176840,1
3408561,1
3175466,1
3410049,1
3172405,1
3413395,1
3450129,1
3169196,1
3416462,1
3164652,1
3418027,1
3161323,1
3157607,1
3421854,1
3424955,1
3167721,1
3453478,1
3124769,1
3457231,1
3092447,1
3090982,1
3489036,1
3490797,1
3087917,1
3084122,1
3080956,1
3487545,1
3494134,1
3073855,1
3497838,1
3072227,1
3500934,1
3070731,1
3067587,1
3066094,1
3077223,1
3182005,1
3094192,1
3098106,1
3460333,1
3463524,1
3121648,1
3465066,1
3468430,1
3117869,1
3471535,1
3484586,1
3114804,1
3111376,1
3108305,1
3476192,1
3477684,1
3480790,1
3105210,1
3101822,1
3473045,1
3504113,1
3405427,1
3186345,1
3276526,1
3273549,1
3343454,1
3270314,1
3267224,1
3265741,1
3346513,1
3348002,1
3262635,1
3259524,1
3351116,1
3256439,1
3354150,1
3252604,1
3249309,1
3339632,1
3278038,1
3279882,1
3336552,1
3309828,1
3314352,1
3306591,1
3316176,1
3303320,1
3301809,1
3319536,1
3357315,1
3298718,1
3291115,1
3287705,1
3323242,1
3286242,1
3329546,1
3283151,1
3333271,1
3294936,1
3245587,1
3360325,1
3361916,1
3386137,1
3386782,1
3213212,1
3387955,1
3210102,1
3391927,1
3206756,1
3216563,1
3203676,1
3198617,1
3197124,1
3395262,1
3194131,1
3399092,1
3190976,1
3189459,1
3200471,1
3402394,1
3219628,1
3384723,1
3241648,1
3239773,1
3238345,1
3235239,1
3365014,1
3366397,1
3368176,1
3221182,1
3232056,1
3228957,1
3375207,1
3376697,1
3378362,1
3225811,1
3381618,1
3224292,1
3372128,1
4023843,1
3063059,1
3059649,1
3620609,1
2879546,1
3623706,1
2878110,1
2875039,1
3625631,1
2873569,1
2870457,1
3626920,1
2867046,1
3628401,1
2863929,1
3631470,1
3632515,1
2860882,1
2881337,1
2884398,1
2887501,1
2890586,1
2916541,1
3599747,1
3602881,1
2913439,1
3604394,1
2909648,1
3607443,1
2857128,1
2906461,1
2900068,1
3610671,1
2898273,1
2896884,1
3613783,1
2893743,1
3617481,1
2903182,1
2854057,1
2852273,1
3634568,1
3654866,1
2820114,1
3658674,1
2816244,1
3661698,1
3663183,1
2812656,1
2823120,1
2809290,1
2806108,1
3666399,1
2803000,1
2799951,1
3669722,1
2796543,1
3673496,1
2807469,1
2917991,1
2824639,1
2829943,1
2850903,1
3636098,1
3637685,1
2847860,1
3639515,1
2844697,1
3641122,1
2826504,1
2841399,1
2839707,1
3648442,1
2838203,1
2835098,1
2833501,1
2832421,1
3651523,1
3645051,1
3507465,1
2919769,1
2923178,1
3022433,1
3019362,1
3537015,1
3016282,1
3014555,1
3013183,1
3540114,1
3010109,1
3006959,1
3543850,1
3003804,1
3000691,1
2997625,1
2995811,1
2994382,1
3023846,1
3025616,1
3028704,1
3530139,1
3056482,1
3053304,1
3510527,1
3513753,1
3050219,1
3048743,1
3516864,1
3547704,1
3520626,1
3523718,1
3042491,1
3525146,1
3039457,1
3035683,1
3527049,1
3031867,1
3045660,1
2991318,1
3550740,1
2988139,1
3575625,1
2947716,1
2944622,1
2943107,1
3581971,1
3583529,1
2940017,1
2949087,1
2938322,1
3586600,1
3589727,1
2933723,1
2930622,1
3592888,1
2927409,1
3594571,1
2936841,1
3595960,1
2950941,1
2954052,1
2984799,1
3553971,1
2981486,1
2979942,1
2976927,1
2975424,1
3557008,1
3568801,1
2972366,1
3561875,1
2969189,1
2965214,1
2961765,1
2960053,1
2958676,1
2955558,1
3558551,1
1236365,1
4026911,1
2255242,1
4529846,1
4532957,1
1594614,1
4536041,1
1590637,1
4539205,1
1587188,1
1585466,1
1583978,1
4540579,1
1580891,1
4542367,1
1577132,1
4545458,1
1574058,1
1597692,1
4526758,1
1600788,1
4523022,1
1630316,1
4501932,1
4505139,1
1626926,1
4508230,1
1623782,1
4509578,1
1570842,1
4511384,1
1617236,1
1614127,1
4515322,1
1610758,1
1607001,1
4519114,1
1603883,1
1620484,1
1633332,1
4548761,1
4551852,1
4574286,1
4576042,1
1533697,1
4579470,1
1530530,1
1527447,1
4583186,1
1524344,1
1521255,1
4586908,1
4590010,1
1517409,1
4593215,1
4596285,1
1514122,1
1536787,1
4572817,1
1540460,1
4569827,1
1564418,1
1560584,1
4554968,1
1557513,1
1556963,1
1555744,1
1554289,1
1567746,1
4558718,1
1551297,1
1550262,1
1548129,1
1546605,1
4565149,1
4568250,1
1543513,1
4561823,1
1634921,1
4498655,1
1637974,1
1722947,1
4431606,1
4434596,1
1719887,1
4436221,1
1716046,1
4439331,1
1712305,1
4440835,1
1708292,1
4443932,1
1706494,1
1705126,1
4445369,1
4448467,1
4429987,1
4426890,1
1726654,1
4423771,1
4397595,1
4401174,1
1747754,1
4404955,1
1744458,1
4408005,1
4411115,1
1702084,1
1740732,1
1739277,1
1736199,1
4414328,1
1732799,1
4417397,1
1729690,1
4420697,1
4412597,1
1700343,1
4451576,1
1698833,1
4481843,1
1668167,1
1665018,1
4484924,1
1661724,1
4488039,1
1660162,1
1671249,1
1657180,1
1655550,1
1652551,1
1649119,1
1647380,1
1645877,1
4494986,1
1642689,1
4491900,1
1510053,1
4478646,1
4475397,1
1697145,1
1695670,1
1692574,1
4454844,1
1689434,1
4457865,1
4459308,1
1675074,1
1686290,1
3312913,1
4464482,1
4468200,1
1679676,1
4469685,1
4471314,1
1678200,1
4461070,1
1508382,1
4597694,1
4599481,1
4711944,1
4713337,1
4715067,1
1319476,1
1316134,1
1313000,1
1309287,1
4721409,1
1305958,1
1302796,1
1299685,1
4724785,1
4727855,1
4729319,1
1296578,1
1322564,1
1324158,1
1327204,1
4708852,1
4695990,1
4699247,1
4702372,1
1358608,1
1357184,1
1353963,1
4703756,1
4732526,1
1349783,1
1344614,1
1343132,1
4705581,1
1339988,1
1336881,1
1333364,1
1330269,1
1346363,1
4735527,1
4737096,1
4740166,1
4763359,1
1259374,1
4764858,1
4767957,1
1256033,1
1254296,1
1252787,1
1262991,1
4769397,1
4771186,1
4774279,1
1245633,1
1243908,1
1242532,1
1239438,1
4777386,1
1249009,1
1361767,1
4760350,1
1266230,1
1292829,1
4741639,1
4743496,1
1289690,1
1287887,1
1286415,1
4746930,1
1264491,1
1283426,1
1277102,1
4750784,1
4753811,1
1273971,1
1272492,1
1269391,1
4756905,1
1280216,1
1750885,1
1363288,1
4692843,1
1462499,1
4623901,1
1459388,1
1456198,1
1453126,1
4627264,1
1449395,1
4630578,1
1446266,1
4633796,1
1443113,1
1440007,1
4637533,1
1436701,1
1433590,1
1466220,1
4620793,1
1469523,1
1472635,1
1506978,1
4602936,1
1503858,1
1500509,1
4606671,1
1493579,1
4608081,1
4640643,1
4609809,1
1483645,1
4613862,1
1481890,1
1480431,1
4617608,1
1477336,1
1474128,1
1486749,1
1430357,1
4642020,1
4643798,1
4676814,1
1395952,1
4680476,1
4682081,1
1392562,1
4685129,1
1389235,1
1399325,1
1385921,1
4686627,1
1381347,1
1379818,1
1376746,1
4689751,1
1373029,1
1369635,1
1384444,1
1366342,1
4673409,1
4671706,1
4647695,1
1427303,1
4650776,1
1424226,1
1422714,1
4653844,1
1419599,1
1402431,1
4657003,1
1416415,1
4664037,1
1412707,1
4667120,1
1409010,1
4670209,1
1405542,1
4660764,1
2258592,1
4394174,1
4392490,1
4133857,1
2086993,1
2085295,1
4137877,1
2083809,1
2080777,1
2078965,1
2077495,1
4140998,1
4144190,1
2074354,1
2071229,1
4147266,1
4150597,1
4153960,1
4132251,1
2090134,1
4130803,1
2091623,1
4113883,1
2121803,1
2118187,1
4117619,1
2114861,1
4120730,1
2113157,1
2068120,1
4123919,1
2108518,1
2107018,1
2103912,1
2102384,1
2099302,1
2097836,1
4127694,1
2111649,1
2064329,1
2061275,1
2058068,1
4182327,1
2024111,1
2022601,1
4185457,1
4186976,1
2019509,1
4190053,1
4180854,1
2015685,1
4193425,1
2008878,1
2007376,1
2004279,1
2002719,1
4197160,1
1999670,1
2012614,1
2123405,1
2027193,1
2031986,1
4157352,1
2054957,1
4160541,1
2051912,1
2048696,1
4161974,1
2045591,1
2028689,1
4163696,1
4167714,1
2039444,1
4170757,1
2035704,1
4172187,1
4173964,1
4177734,1
2042502,1
1170,1
2126503,1
2129733,1
4057576,1
2222416,1
4060679,1
2221006,1
2217762,1
2214445,1
2212925,1
4063932,1
2209863,1
4067185,1
2206559,1
2205090,1
4070367,1
2201962,1
2200160,1
2224206,1
4054111,1
4051019,1
2228031,1
4028386,1
4031261,1
2252166,1
4031472,1
2248943,1
4032975,1
2245917,1
2198685,1
4036335,1
4039454,1
4040952,1
2241327,1
2238148,1
4044067,1
2234558,1
2231362,1
2244434,1
2195565,1
2194039,1
2191012,1
2155299,1
2155298,1
2152334,1
4098318,1
2148473,1
4101396,1
2145235,1
2158476,1
2143534,1
2139050,1
4104518,1
4107599,1
2135908,1
2132894,1
4107712,1
4110817,1
2142122,1
2128022,1
2159897,1
2161552,1
4073500,1
4076557,1
2187211,1
4077913,1
4079597,1
2183873,1
2180781,1
4094506,1
4082767,1
2177327,1
4087445,1
2175806,1
2172794,1
2169414,1
2165627,1
4091221,1
4085916,1
1754010,1
4200265,1
4201742,1
4334484,1
4336195,1
1837062,1
1833898,1
4339594,1
1832120,1
1830702,1
1827576,1
4343579,1
1824283,1
4346899,1
1821060,1
4350008,1
1817855,1
1814830,1
1840367,1
4332998,1
4329933,1
1843424,1
1867665,1
1864585,1
4307152,1
1861354,1
4310268,1
1858100,1
4313343,1
4353837,1
1854994,1
1851258,1
1849771,1
4320296,1
4321733,1
4323561,1
1846661,1
4326647,1
4317181,1
1813336,1
1810284,1
4356899,1
1778757,1
1777356,1
4380822,1
4382253,1
1774262,1
1772433,1
4383990,1
1780608,1
1771010,1
1767956,1
1766450,1
1763319,1
1761748,1
1758625,1
4390985,1
1757119,1
4387386,1
1869040,1
4377718,1
1783663,1
1808541,1
1807131,1
4358457,1
1804005,1
4361585,1
1802424,1
1799429,1
4376253,1
4364708,1
1796214,1
4369955,1
1792874,1
1789807,1
4373139,1
1788289,1
1785154,1
4366213,1
1996520,1
4303993,1
1874035,1
1956205,1
4222782,1
1952524,1
4225860,1
1950932,1
4229067,1
1947952,1
1946336,1
4232136,1
1943357,1
4235900,1
1940177,1
1938502,1
4239189,1
1937012,1
4219724,1
1959936,1
1963098,1
1966475,1
1993364,1
1990322,1
4204822,1
1988855,1
1985736,1
4206350,1
1984287,1
4242364,1
4209459,1
4210935,1
1977433,1
4212624,1
1974198,1
1971048,1
1969515,1
4216403,1
1981142,1
1870924,1
1933934,1
1930828,1
1901266,1
4282873,1
1899690,1
1896778,1
4286297,1
1893561,1
1890468,1
1904308,1
4289401,1
1886655,1
4294003,1
1883384,1
4297149,1
1880180,1
4300795,1
1877144,1
4292493,1
4246093,1
1905856,1
4275697,1
4249451,1
1927556,1
1923866,1
4253223,1
4256411,1
1920754,1
4260161,1
4263205,1
1917483,1
1915989,1
1912908,1
4266354,1
1909622,1
4269494,1
4272633,1
4274046,1
4279119,1
6484,1
5410557,2
0,2
9,2
29,2
21,2
28,2
22,2
10,2
11,2
5,2
4,2
31,2
228,3
4358,4
5,4
0,4
432,4
4,4
5640,4
6694,4
4784,4
7565,4
68950,4
7983,4
1,4
3944,4
2,4
3608887,5
3610325,5
3606003,5
3614117,5
3614692,5
3612833,5
3598608,5
3599390,5
3597366,5
3602766,5
3601052,5
3602082,5
3629474,5
3627779,5
3627900,5
3636432,5
3631942,5
3633562,5
3621165,5
3616501,5
3624539,5
3625484,5
3621647,5
3566823,5
3567747,5
3565228,5
3571122,5
3569263,5
3570867,5
3555833,5
3553828,5
3553949,5
3562812,5
3558975,5
3559590,5
3589461,5
3584366,5
3592898,5
3593686,5
3590005,5
3577588,5
3578223,5
3575726,5
3581950,5
3583391,5
3581367,5
3692988,5
3690614,5
3691312,5
3699905,5
3696239,5
3697012,5
3684431,5
3679292,5
3688177,5
3689618,5
3684954,5
3714764,5
3715050,5
3713192,5
3719064,5
3720648,5
3718789,5
3703569,5
3701050,5
3702003,5
3708738,5
3706731,5
3707512,5
3652374,5
3647877,5
3656409,5
3657911,5
3653474,5
3640892,5
3641014,5
3639319,5
3646037,5
3646674,5
3644836,5
3671512,5
3669653,5
3670268,5
3676987,5
3675273,5
3675645,5
3662791,5
3658466,5
3659898,5
3668431,5
3663941,5
3439936,5
3440717,5
3438692,5
3445409,5
3446355,5
3443837,5
3428596,5
3426881,5
3428321,5
3434215,5
3432356,5
3432642,5
3462473,5
3457830,5
3459270,5
3468132,5
3462975,5
3450393,5
3451236,5
3447459,5
3455991,5
3456773,5
3454419,5
3397138,5
3395134,5
3396595,5
3402818,5
3400300,5
3400914,5
3388498,5
3384804,5
3385399,5
3394097,5
3389112,5
3418915,5
3419530,5
3415711,5
3424594,5
3424716,5
3422691,5
3407636,5
3409241,5
3407382,5
3413235,5
3410881,5
3411662,5
3525760,5
3521921,5
3522875,5
3530928,5
3526282,5
3513867,5
3515471,5
3510974,5
3519485,5
3519691,5
3517892,5
3544898,5
3546339,5
3544644,5
3550042,5
3548041,5
3548839,5
3534609,5
3532750,5
3533365,5
3541403,5
3537050,5
3482223,5
3483662,5
3479330,5
3487366,5
3487981,5
3486143,5
3471932,5
3472714,5
3470689,5
3476088,5
3474394,5
3475835,5
3502800,5
3501105,5
3501226,5
3509759,5
3505261,5
3506875,5
3494474,5
3489828,5
3497866,5
3498811,5
3494974,5
3946878,5
3947722,5
3945264,5
3951157,5
3949300,5
3950903,5
3935848,5
3933846,5
3933985,5
3942848,5
3939011,5
3939626,5
3969436,5
3964423,5
3972934,5
3973714,5
3970042,5
3957624,5
3958240,5
3955742,5
3961986,5
3963427,5
3961403,5
3904122,5
3901768,5
3902548,5
3911039,5
3907365,5
3908146,5
3895565,5
3890407,5
3899289,5
3900752,5
3896088,5
3925898,5
3926184,5
3924326,5
3930198,5
3931723,5
3929923,5
3914703,5
3912184,5
3913129,5
3919866,5
3917847,5
3918646,5
4032413,5
4027916,5
4036448,5
4037887,5
4033534,5
4020931,5
4021052,5
4019358,5
4026076,5
4026692,5
4024855,5
4051551,5
4049692,5
4050307,5
4057025,5
4055330,5
4056008,5
4042829,5
4038496,5
4039936,5
4048469,5
4043971,5
3988856,5
3989657,5
3987632,5
3994349,5
3995295,5
3992777,5
3977575,5
3975821,5
3977261,5
3983163,5
3981296,5
3981582,5
4011410,5
4006770,5
4008210,5
4017072,5
4011915,5
3999333,5
4000132,5
3996399,5
4004931,5
4005712,5
4003359,5
3777173,5
3775150,5
3776612,5
3782853,5
3780335,5
3780949,5
3768533,5
3764839,5
3765539,5
3774132,5
3769139,5
3798951,5
3799565,5
3795727,5
3804611,5
3804751,5
3802726,5
3787671,5
3789276,5
3787418,5
3793292,5
3790916,5
3791697,5
3736898,5
3733051,5
3733997,5
3742116,5
3737412,5
3724997,5
3726601,5
3722104,5
1627,5
3730817,5
3729022,5
3756028,5
3757468,5
3755774,5
3761172,5
3759167,5
3759969,5
3745739,5
3743880,5
3744495,5
3752533,5
3748180,5
3805951,5
3863698,5
3859365,5
3867402,5
3868017,5
3866166,5
3851968,5
3852750,5
3850725,5
3856124,5
3854430,5
3855872,5
3882858,5
3881141,5
3881262,5
3889795,5
3885296,5
3886901,5
3874506,5
3869863,5
3877901,5
3878846,5
3875009,5
3820200,5
3821042,5
3818586,5
3824479,5
3822629,5
3824225,5
3809170,5
3807166,5
3807307,5
3816170,5
3812333,5
3812948,5
3842758,5
3837745,5
3846257,5
3847037,5
3843364,5
3830947,5
3831563,5
3829052,5
3835309,5
3836750,5
3834726,5
2932924,5
2930570,5
2931351,5
2939863,5
2936167,5
2936948,5
2924368,5
2919209,5
2928072,5
2929533,5
2924890,5
2954700,5
2954986,5
2953128,5
2959020,5
2960521,5
2958725,5
2943505,5
2940987,5
2941931,5
2948650,5
2946645,5
2947448,5
2892311,5
2887814,5
2896346,5
2897785,5
2893432,5
2880829,5
2880950,5
2879264,5
2885974,5
2886590,5
2884740,5
2911449,5
2909590,5
2910205,5
2916923,5
2915228,5
2915350,5
2902748,5
2898394,5
2899834,5
2908367,5
2903869,5
3017645,5
3018438,5
3016434,5
3023151,5
3024097,5
3021579,5
3006358,5
3004562,5
3006063,5
3011957,5
3010099,5
3010384,5
3040194,5
3035552,5
3037012,5
3045874,5
3040717,5
3028135,5
3028915,5
3025222,5
3033733,5
3034514,5
3032169,5
2974880,5
2972857,5
2974315,5
2980560,5
2978042,5
2978656,5
2966240,5
2962566,5
2963347,5
2971839,5
2966846,5
2996657,5
2997272,5
2993434,5
3002314,5
3002440,5
3000433,5
2985378,5
2986983,5
2985125,5
2990998,5
2988564,5
2989404,5
2765692,5
2761853,5
2762799,5
2770836,5
2766196,5
2753799,5
2755403,5
2750906,5
2759437,5
2759558,5
2757845,5
2784830,5
2786270,5
2784577,5
2789974,5
2787950,5
2788751,5
2774541,5
2772682,5
2773297,5
2781335,5
2777002,5
2778443,5
2723595,5
2719262,5
2727299,5
2727914,5
2726055,5
2711845,5
2712647,5
2710622,5
2716021,5
2714327,5
2715769,5
2742754,5
2741038,5
2741159,5
2749691,5
2745193,5
2746798,5
2734400,5
2729760,5
2737798,5
2738743,5
2734906,5
2849003,5
2849784,5
2847410,5
2853282,5
2590,5
2853028,5
2837973,5
2835956,5
2836092,5
2844973,5
2841136,5
2841751,5
2871561,5
2866568,5
2875163,5
2875839,5
2872166,5
2859749,5
2860365,5
2857846,5
2864093,5
2865552,5
2863528,5
2806246,5
2803892,5
2804673,5
2813223,5
2809489,5
2810270,5
2797697,5
2792531,5
2801394,5
2802916,5
2798212,5
2828022,5
2828308,5
2826450,5
2832343,5
2833802,5
2832070,5
2816828,5
2814309,5
2815254,5
2821973,5
2819949,5
2820751,5
3272348,5
3267851,5
3276383,5
3277822,5
3273489,5
3260641,5
3260987,5
3259293,5
3266011,5
3266627,5
3264769,5
3291466,5
3289627,5
3290242,5
3296960,5
3295265,5
3295387,5
3282824,5
3278431,5
3279871,5
3288412,5
3283906,5
3228770,5
3229568,5
3227567,5
3234284,5
3235230,5
3232712,5
3217491,5
3215652,5
3217196,5
3223090,5
3221231,5
3221517,5
3251327,5
3246672,5
3248127,5
3257007,5
3251850,5
3239268,5
3240048,5
3236355,5
3244970,5
3245647,5
3243294,5
3354918,5
3352895,5
3354334,5
3360580,5
3358080,5
3358694,5
3346278,5
3342604,5
3343386,5
3351899,5
3346884,5
3376695,5
3377318,5
3373472,5
3382333,5
3382536,5
3380471,5
3365416,5
3367021,5
3365163,5
3371056,5
3368598,5
3369442,5
3314634,5
3310803,5
3311741,5
3319778,5
3315134,5
3302741,5
3304345,5
3299848,5
3308379,5
3308500,5
3306787,5
3334206,5
3335212,5
3333518,5
3338917,5
3336893,5
3337674,5
3323466,5
3321625,5
3322240,5
3330278,5
3325945,5
3327387,5
3103693,5
3099300,5
3107337,5
3107960,5
3106093,5
3091862,5
3092562,5
3090660,5
3096059,5
3094365,5
3095807,5
3122812,5
3121013,5
3121197,5
3129729,5
3125239,5
3126836,5
3114420,5
3109776,5
3117836,5
3118781,5
3114944,5
3060136,5
3060917,5
3058543,5
3064519,5
3062557,5
3064161,5
3049106,5
3047081,5
3047210,5
3056106,5
3052269,5
3052884,5
3082694,5
3077701,5
3086398,5
3086994,5
3083299,5
3070882,5
3071499,5
3068979,5
3075211,5
3076664,5
3074661,5
3186285,5
3183931,5
3184712,5
3193243,5
3189467,5
3190309,5
3177728,5
3172571,5
3181433,5
3182873,5
3178229,5
3208061,5
3208347,5
3206489,5
3212381,5
3213821,5
3212107,5
3196866,5
3194347,5
3195300,5
3202011,5
3199987,5
3200776,5
3145671,5
3141174,5
3149706,5
3151145,5
3146812,5
3133736,5
3134331,5
3132616,5
3139334,5
3139950,5
3138092,5
3164776,5
3162932,5
3163565,5
3170284,5
3168590,5
3168712,5
3156129,5
3151694,5
3153195,5
3161728,5
3157238,5
4960044,5
4960824,5
4958819,5
4965558,5
4966504,5
4963986,5
4948765,5
4946907,5
4948491,5
4954364,5
4952505,5
4952791,5
4982601,5
4977938,5
4979386,5
4988281,5
4983124,5
4970542,5
4971322,5
4967649,5
4976346,5
4976942,5
4974568,5
4917286,5
4915264,5
4916702,5
4922933,5
4920430,5
4921062,5
4908646,5
4904972,5
4905754,5
4914286,5
4909191,5
4939064,5
4939679,5
4935842,5
4944702,5
4944823,5
4942820,5
4927784,5
4929389,5
4927531,5
4933424,5
4930905,5
4931831,5
5045908,5
5042069,5
5043023,5
5051052,5
5046389,5
5033993,5
5035619,5
5031122,5
5039653,5
5039774,5
5038081,5
5065911,5
5066507,5
5064792,5
5070190,5
5068166,5
5068946,5
5054735,5
5052898,5
5053513,5
5061551,5
5057218,5
5058660,5
5003852,5
4999419,5
5007515,5
5008130,5
5006271,5
4992040,5
4992821,5
4990820,5
4996237,5
4994543,5
4995985,5
5022990,5
5021130,5
5021396,5
5029907,5
5025409,5
5027015,5
5014598,5
5009935,5
5017996,5
5018959,5
5015122,5
4791408,5
4792189,5
4789835,5
4795954,5
4793829,5
4795433,5
4780378,5
4778353,5
4778474,5
4787358,5
4783541,5
4784156,5
4813966,5
4808973,5
4817670,5
4818265,5
4814571,5
4802154,5
4802770,5
4800251,5
4806475,5
4807933,5
4805915,5
4748652,5
4746298,5
4747079,5
4755610,5
4751790,5
4752697,5
4740095,5
4734937,5
4743800,5
4745240,5
4740577,5
4770410,5
4770714,5
4768856,5
4774748,5
4776188,5
4774494,5
4759007,5
4756714,5
4757659,5
4764378,5
4762354,5
4763135,5
4876924,5
4872447,5
4880979,5
4882418,5
4878085,5
4865010,5
4865643,5
4863889,5
4870607,5
4871231,5
4869365,5
4896041,5
4894201,5
4894838,5
4901556,5
4899861,5
4899983,5
4887401,5
4882964,5
4884467,5
4893000,5
4888502,5
4833365,5
4834145,5
4832129,5
4838879,5
4839825,5
4837307,5
4822086,5
4820228,5
4821812,5
4827789,5
4825826,5
4826112,5
4855922,5
4851259,5
4852699,5
4861585,5
4856446,5
4843864,5
4844644,5
4840971,5
4849669,5
4850303,5
4847890,5
5297324,5
5295301,5
5296740,5
5302963,5
5300689,5
5301100,5
5288684,5
5285010,5
5285792,5
5294324,5
5289185,5
5319122,5
5319716,5
5315878,5
5324739,5
5324860,5
5322844,5
5307822,5
5309427,5
5307569,5
5313462,5
5310943,5
5311889,5
5256156,5
5253202,5
5254148,5
5262185,5
5257522,5
5245107,5
5246734,5
5242255,5
5250786,5
5250907,5
5249214,5
5277045,5
5277679,5
5275925,5
5281323,5
5279300,5
5280079,5
5265849,5
5264010,5
5264646,5
5272684,5
5268351,5
5269793,5
5383889,5
5379452,5
5387552,5
5388167,5
5386316,5
5372077,5
5372858,5
5370853,5
5376274,5
5374580,5
5376022,5
5403034,5
5401172,5
5401438,5
5410062,5
5405456,5
5407063,5
5394635,5
5389972,5
5398032,5
5398999,5
5395159,5
5340351,5
5341132,5
5338778,5
5344837,5
5342794,5
5344376,5
5329321,5
5327296,5
5327417,5
5336288,5
5332463,5
5333099,5
5362909,5
5357916,5
5366613,5
5367228,5
5363453,5
5351097,5
5351713,5
5349195,5
5355418,5
5356858,5
5354854,5
5128690,5
5126336,5
5127117,5
5135648,5
5131809,5
5132735,5
5120133,5
5114975,5
5123846,5
5125278,5
5120615,5
5150444,5
5150752,5
5148894,5
5154786,5
5156226,5
5154532,5
5138817,5
5136752,5
5137697,5
5144416,5
5142392,5
5143173,5
5088044,5
5083562,5
5092112,5
5093551,5
5089218,5
5076143,5
5076757,5
5074963,5
5081740,5
5082356,5
5080499,5
5107174,5
5105315,5
5105951,5
5112689,5
5110994,5
5111116,5
5098534,5
5094036,5
5095621,5
5104133,5
5099635,5
5213405,5
5214184,5
5212160,5
5218898,5
5219864,5
5217346,5
5202125,5
5200267,5
5201871,5
5207663,5
5205865,5
5206151,5
5235961,5
5231298,5
5232738,5
5241619,5
5236484,5
5223902,5
5224682,5
5221009,5
5229707,5
5230302,5
5227869,5
5170646,5
5168623,5
5170062,5
5176285,5
5173784,5
5174404,5
5162006,5
5158332,5
5159114,5
5167646,5
5162488,5
5192445,5
5193038,5
5189200,5
5198062,5
5198183,5
5196160,5
5181125,5
5182750,5
5180892,5
5186785,5
5184266,5
5185212,5
4284068,5
4282002,5
4282948,5
4290985,5
4286322,5
4273907,5
4275530,5
4271055,5
4279586,5
4279707,5
4278014,5
4305845,5
4306460,5
4304666,5
4310123,5
4308099,5
4308879,5
4294649,5
4292807,5
4293428,5
4301484,5
4297151,5
4298593,5
4243785,5
4239287,5
4247469,5
4248063,5
4246204,5
4231973,5
4232754,5
4230730,5
4236152,5
4234476,5
4235918,5
4262923,5
4261063,5
4261349,5
4270107,5
4265342,5
4266947,5
4254531,5
4249868,5
4257906,5
4258872,5
4255055,5
4369151,5
4369932,5
4367578,5
4373637,5
4371593,5
4373176,5
4358121,5
4356104,5
4356217,5
4365080,5
4361260,5
4361881,5
4391709,5
4386716,5
4395413,5
4396028,5
4392209,5
4379897,5
4380513,5
4377994,5
4384218,5
4385658,5
4383635,5
4326377,5
4324041,5
4324822,5
4333353,5
4329514,5
4330460,5
4317612,5
4312680,5
4321543,5
4322983,5
4318320,5
4348130,5
4348437,5
4346599,5
4352491,5
4353931,5
4352237,5
4336523,5
4334479,5
4335402,5
4342121,5
4340105,5
4340878,5
4116836,5
4112257,5
4120912,5
4122351,5
4118018,5
4104943,5
4105557,5
4103759,5
4110540,5
4111156,5
4109298,5
4135974,5
4134115,5
4134738,5
4141489,5
4139794,5
4139916,5
4127334,5
4122836,5
4124421,5
4133037,5
4128435,5
4073299,5
4074079,5
4072055,5
4078780,5
4079741,5
4077241,5
4062020,5
4060162,5
4061766,5
4067826,5
4065782,5
4066046,5
4095856,5
4091194,5
4092633,5
4101495,5
4096358,5
4083797,5
4084577,5
4080904,5
4089602,5
4090217,5
4087760,5
4199447,5
4197424,5
4198871,5
4205086,5
4202567,5
4203201,5
4190807,5
4187133,5
4187915,5
4196447,5
4191289,5
4221245,5
4222273,5
4218001,5
4226870,5
4226983,5
4224959,5
4209923,5
4211550,5
4209692,5
4215585,5
4213066,5
4214012,5
4157391,5
4155345,5
4156270,5
4164307,5
4159644,5
4147229,5
4148841,5
4144359,5
4152908,5
4153029,5
4151336,5
4179167,5
4179782,5
4177986,5
4183446,5
4181422,5
4182211,5
4167972,5
4166112,5
4166747,5
4174807,5
4170474,5
4171916,5
4623822,5
4619324,5
4627506,5
4628204,5
4626241,5
4612018,5
4612791,5
4610767,5
4616185,5
4614513,5
4615955,5
4642960,5
4641100,5
4641386,5
4650084,5
4645400,5
4646984,5
4634568,5
4629905,5
4637943,5
4638896,5
4635071,5
4580284,5
4581065,5
4578711,5
4584770,5
4582746,5
4584248,5
4569254,5
4567229,5
4567351,5
4576213,5
4572375,5
4573010,5
4602842,5
4597849,5
4606546,5
4607161,5
4603323,5
4591051,5
4591646,5
4589127,5
4595352,5
4596791,5
4594768,5
4706410,5
4704078,5
4704859,5
4713390,5
4709551,5
4710497,5
4697421,5
4692717,5
4701580,5
4703020,5
4698357,5
4728167,5
4728461,5
4726618,5
4732528,5
4733968,5
4732274,5
4716560,5
4714515,5
4715380,5
4722158,5
4720134,5
4720916,5
4665778,5
4661280,5
4669834,5
4671293,5
4666960,5
4653885,5
4654499,5
4652640,5
4659503,5
4660098,5
4658240,5
4684917,5
4683057,5
4683672,5
4690411,5
4688736,5
4688858,5
4676276,5
4671778,5
4673383,5
4681814,5
4677377,5
4453336,5
4454116,5
4452092,5
4458809,5
4459774,5
4457278,5
4442057,5
4440199,5
4441803,5
4447863,5
4445818,5
4446024,5
4475893,5
4471230,5
4472670,5
4481532,5
4476392,5
4463834,5
4464614,5
4460941,5
4469639,5
4470254,5
4467736,5
4410600,5
4408556,5
4409995,5
4416218,5
4413699,5
4414314,5
4401921,5
4398265,5
4399047,5
4407579,5
4402421,5
4432397,5
4431427,5
4429133,5
4437994,5
4438115,5
4436091,5
4421036,5
4422662,5
4420824,5
4426717,5
4424198,5
4425144,5
4537429,5
4535422,5
4536308,5
4544345,5
4539690,5
4527267,5
4528871,5
4524292,5
4532946,5
4533067,5
4531374,5
4559205,5
4559820,5
4557980,5
4563483,5
4561459,5
4562239,5
4548009,5
4546149,5
4546773,5
4554844,5
4550511,5
4551953,5
4497144,5
4492646,5
4500828,5
4501527,5
4499563,5
4485332,5
4486113,5
4484089,5
4489496,5
4487817,5
4489277,5
4516282,5
4514422,5
4514708,5
4523407,5
4518762,5
4520308,5
4507891,5
4503236,5
4511266,5
4512211,5
4508391,5
906600,5
907381,5
905027,5
911086,5
909062,5
910520,5
895570,5
893545,5
893666,5
902529,5
898691,5
899307,5
929140,5
924165,5
932862,5
933477,5
929639,5
917367,5
917736,5
915443,5
921667,5
923107,5
921084,5
863803,5
861472,5
862271,5
870802,5
866963,5
867909,5
854834,5
850151,5
858992,5
860432,5
855777,5
885579,5
885865,5
883925,5
889940,5
891380,5
889686,5
873972,5
871947,5
872788,5
879570,5
877546,5
878327,5
992095,5
987597,5
996138,5
997610,5
993277,5
980202,5
4592,5
978957,5
985820,5
986519,5
984557,5
1011233,5
1009374,5
1009989,5
1016715,5
1015053,5
1015175,5
1002593,5
998095,5
999700,5
1008399,5
1003716,5
948557,5
949337,5
947314,5
954030,5
954976,5
952478,5
937278,5
935420,5
937024,5
943084,5
941059,5
941241,5
971114,5
966451,5
967899,5
976754,5
971596,5
959034,5
959836,5
956163,5
964861,5
965476,5
962958,5
736916,5
736626,5
736311,5
742534,5
740015,5
740630,5
728222,5
724581,5
725363,5
733895,5
728737,5
758713,5
760154,5
755471,5
764310,5
764431,5
762408,5
747352,5
748957,5
747119,5
753033,5
750514,5
751460,5
694839,5
692813,5
693655,5
701755,5
697092,5
684685,5
686281,5
681783,5
690336,5
690477,5
688784,5
716615,5
717230,5
715371,5
720915,5
718974,5
719651,5
705420,5
703560,5
704176,5
712222,5
707904,5
709364,5
823463,5
818965,5
827167,5
827948,5
825904,5
811651,5
812432,5
810409,5
815807,5
814113,5
815636,5
842601,5
840741,5
841027,5
849725,5
845061,5
846562,5
834209,5
829546,5
837585,5
838529,5
834691,5
779901,5
780704,5
778350,5
784409,5
782385,5
783824,5
768914,5
766868,5
766989,5
775860,5
772014,5
772630,5
802449,5
797488,5
806187,5
806802,5
802964,5
790711,5
790833,5
788789,5
794991,5
796431,5
794416,5
1243845,5
1241491,5
1242190,5
1250844,5
1247005,5
1247951,5
1234876,5
1230212,5
1238892,5
1240474,5
1235811,5
1265629,5
1265907,5
1264048,5
1269960,5
1271422,5
1269728,5
1254014,5
1251989,5
1252769,5
1259633,5
1257692,5
1258369,5
1203232,5
1198734,5
1207267,5
1208714,5
1204414,5
1191338,5
1191952,5
1190093,5
1196977,5
1197759,5
1195716,5
1222370,5
1220511,5
1221127,5
1227844,5
1226157,5
1226291,5
1213730,5
1209232,5
1210837,5
1219536,5
1214872,5
1328539,5
1329380,5
1327356,5
1334074,5
1335019,5
1332500,5
1317301,5
1315463,5
1317067,5
1323127,5
1321102,5
1321223,5
1351178,5
1346494,5
1347934,5
1356804,5
1351638,5
1339057,5
1339856,5
1336205,5
1344903,5
1345518,5
1343000,5
1285883,5
1287324,5
1285279,5
1291481,5
1288962,5
1289577,5
1277161,5
1273506,5
1274292,5
1282842,5
1277684,5
1307660,5
1309101,5
1304437,5
1313199,5
1313379,5
1311356,5
1296301,5
1297905,5
1296046,5
1301961,5
1299462,5
1300408,5
1074882,5
1072856,5
1073637,5
1081819,5
1077135,5
1064720,5
1066332,5
1061826,5
1070358,5
1070498,5
1068827,5
1096658,5
1097273,5
1095414,5
1100977,5
1099137,5
1099713,5
1085462,5
1083602,5
1084218,5
1092256,5
1087931,5
1089385,5
1034597,5
1030099,5
1038301,5
1039082,5
1037057,5
1022726,5
1023566,5
1021542,5
1026941,5
1025247,5
1026688,5
1053715,5
1051875,5
1052161,5
1060860,5
1056196,5
1057637,5
1045365,5
1040681,5
1048719,5
1049672,5
1045826,5
1159925,5
1160714,5
1158393,5
1164452,5
1162428,5
1163867,5
1148977,5
1146458,5
1147053,5
1155895,5
1152057,5
1152674,5
1182483,5
1177498,5
1186210,5
1186843,5
1183005,5
1170753,5
1170875,5
1168850,5
1174974,5
1176473,5
1174450,5
1117169,5
1114814,5
1115594,5
1124147,5
1120328,5
1121274,5
1108199,5
1103535,5
1112234,5
1113818,5
1109134,5
1138944,5
1139238,5
1137371,5
1143265,5
1144724,5
1143053,5
1127338,5
1125313,5
1126093,5
1132977,5
1131119,5
1131715,5
232027,5
227529,5
236063,5
237501,5
233176,5
220116,5
220748,5
218889,5
225772,5
226554,5
224530,5
251104,5
249306,5
249921,5
256640,5
254944,5
255065,5
242505,5
238027,5
239632,5
248331,5
243667,5
188366,5
189291,5
187246,5
193963,5
194917,5
192390,5
177170,5
175331,5
176957,5
183017,5
180992,5
181113,5
211088,5
207249,5
207845,5
216686,5
211528,5
198947,5
199727,5
196073,5
204793,5
205408,5
202890,5
314679,5
316120,5
314095,5
320218,5
317758,5
318373,5
305957,5
302283,5
303064,5
311620,5
306480,5
336456,5
337897,5
333233,5
341929,5
342195,5
340150,5
325095,5
326701,5
324841,5
330735,5
328237,5
329203,5
272582,5
270556,5
271337,5
279539,5
275102,5
262420,5
264024,5
259526,5
268058,5
268179,5
266505,5
294358,5
294973,5
293114,5
298678,5
296820,5
297435,5
283104,5
281303,5
281919,5
289957,5
285624,5
287065,5
63373,5
58895,5
67097,5
67878,5
65853,5
51457,5
52383,5
50338,5
55737,5
54044,5
55484,5
82491,5
80652,5
80958,5
89656,5
84992,5
86432,5
74181,5
70238,5
77515,5
78460,5
74622,5
19813,5
20594,5
18259,5
24340,5
22316,5
23755,5
8865,5
6344,5
6939,5
15783,5
11945,5
12561,5
42371,5
37378,5
46084,5
46714,5
42894,5
30642,5
30764,5
28739,5
34798,5
36383,5
34339,5
145965,5
143612,5
144391,5
152923,5
149105,5
150071,5
136996,5
132332,5
141031,5
142635,5
138137,5
167741,5
168027,5
166168,5
172061,5
173501,5
171826,5
156134,5
154109,5
154889,5
161773,5
159915,5
160530,5
105292,5
100853,5
109386,5
110825,5
106492,5
93434,5
94054,5
92213,5
99096,5
99878,5
97854,5
124365,5
122652,5
123245,5
129964,5
128271,5
128391,5
115809,5
111332,5
112957,5
121656,5
116992,5
568407,5
569352,5
565514,5
574004,5
574950,5
572431,5
557211,5
555353,5
556976,5
563058,5
561033,5
561154,5
591129,5
587291,5
587906,5
596668,5
591569,5
578988,5
579768,5
576095,5
584810,5
585431,5
582931,5
525815,5
527256,5
525231,5
531289,5
528915,5
529509,5
517093,5
513419,5
514200,5
522733,5
517596,5
547592,5
549033,5
544369,5
553065,5
553351,5
551553,5
536231,5
537836,5
535977,5
541871,5
539352,5
540317,5
652624,5
650598,5
651379,5
659581,5
655084,5
642483,5
644066,5
639568,5
648108,5
648221,5
646528,5
674376,5
674997,5
673156,5
678719,5
676860,5
677475,5
663099,5
661344,5
661960,5
669998,5
665665,5
667106,5
612298,5
607823,5
616043,5
616824,5
614799,5
600403,5
601349,5
599058,5
604683,5
602989,5
604430,5
631436,5
629576,5
629883,5
638602,5
633938,5
635379,5
623127,5
617970,5
626521,5
627406,5
623568,5
399856,5
400637,5
398283,5
404359,5
402341,5
403798,5
388908,5
386390,5
387004,5
395721,5
392009,5
392604,5
422414,5
417421,5
426118,5
426733,5
422918,5
410684,5
410806,5
408781,5
414840,5
416445,5
414320,5
357099,5
354745,5
355525,5
364057,5
360218,5
361185,5
348130,5
343466,5
352165,5
353769,5
349272,5
378935,5
379161,5
377302,5
383204,5
384636,5
382943,5
367245,5
365244,5
366024,5
372908,5
371050,5
371665,5
485269,5
480916,5
489428,5
490867,5
486534,5
473458,5
474073,5
472237,5
479138,5
479920,5
477896,5
504407,5
502713,5
504380,5
510005,5
508310,5
508431,5
495850,5
491352,5
492978,5
501697,5
497033,5
441731,5
442676,5
438839,5
447388,5
448274,5
445755,5
430543,5
428677,5
430281,5
436259,5
434357,5
434478,5
464453,5
460615,5
461230,5
469947,5
464915,5
452313,5
453093,5
449420,5
458117,5
458733,5
456236,5
2257104,5
2258545,5
2256520,5
2262578,5
2260224,5
2261065,5
2248382,5
2244708,5
2245489,5
2254022,5
2248864,5
2278859,5
2280322,5
2275658,5
2284354,5
2284640,5
2282782,5
2267580,5
2269125,5
2267266,5
2273168,5
2270641,5
2271587,5
2214984,5
2212982,5
2213763,5
2221965,5
2217468,5
2204887,5
2206345,5
2201952,5
2210484,5
2210605,5
2208912,5
2236742,5
2237358,5
2235522,5
2241103,5
2239244,5
2239859,5
2225464,5
2223749,5
2224118,5
2232382,5
2228049,5
2229490,5
2343588,5
2339090,5
2347315,5
2348114,5
2346089,5
2331693,5
2332639,5
2330121,5
2335995,5
2334279,5
2335720,5
2362734,5
2360866,5
2361152,5
2369768,5
2365227,5
2366667,5
2354416,5
2349259,5
2357791,5
2358632,5
2354857,5
2300049,5
2300830,5
2298476,5
2304534,5
2302519,5
2303991,5
2289101,5
2286583,5
2287197,5
2295895,5
2292202,5
2292902,5
2322607,5
2317614,5
2326312,5
2326927,5
2323089,5
2310860,5
2311000,5
2308975,5
2315034,5
2316639,5
2314782,5
2088449,5
2086035,5
2086815,5
2095355,5
2091508,5
2092454,5
2079460,5
2074756,5
2083455,5
2085059,5
2080562,5
2110206,5
2110346,5
2108592,5
2114485,5
2115925,5
2114231,5
2098516,5
2096511,5
2097313,5
2104197,5
2102339,5
2102954,5
2047651,5
2043298,5
2048285,5
2053249,5
2048916,5
2035840,5
2036455,5
2034604,5
2041520,5
2042302,5
2040278,5
2066789,5
2065095,5
2066536,5
2072410,5
2070694,5
2070815,5
2058241,5
2053735,5
2055340,5
2063957,5
2059416,5
2173021,5
2173966,5
2170129,5
2178659,5
2179459,5
2177045,5
2161825,5
2159967,5
2161571,5
2167630,5
2165614,5
2165750,5
2195743,5
2191905,5
2192520,5
2201217,5
2196204,5
2183706,5
2184382,5
2180709,5
2189406,5
2190022,5
2187504,5
2130410,5
2131869,5
2129844,5
2135902,5
2133548,5
2134329,5
2121728,5
2118032,5
2118813,5
2127347,5
2122188,5
2152164,5
2153686,5
2148982,5
2157679,5
2157965,5
2156108,5
2140886,5
2142345,5
2140591,5
2146485,5
2143966,5
2144912,5
2595007,5
2592990,5
2593786,5
2602006,5
2597509,5
2584928,5
2586367,5
2582014,5
2590302,5
2590646,5
2588953,5
2616783,5
2617399,5
2615540,5
2621126,5
2619285,5
2619900,5
2605505,5
2603810,5
2603932,5
2612445,5
2608090,5
2609531,5
2554732,5
2550226,5
2558428,5
2559127,5
2557225,5
2542829,5
2543775,5
2541257,5
2547150,5
2545352,5
2546856,5
2573862,5
2572010,5
2572288,5
2580985,5
2576341,5
2577803,5
2565552,5
2560395,5
2568927,5
2569707,5
2566014,5
2680195,5
2680872,5
2678518,5
2684576,5
2682553,5
2684000,5
2669143,5
2666625,5
2667239,5
2675937,5
2672264,5
2673046,5
2702671,5
2697656,5
2706353,5
2706969,5
2703130,5
2690886,5
2691020,5
2689016,5
2695075,5
2696680,5
2694823,5
2637375,5
2634919,5
2635760,5
2644292,5
2640454,5
2641399,5
2628323,5
2623681,5
2632400,5
2634004,5
2629507,5
2659151,5
2659272,5
2657558,5
2663431,5
2664871,5
2663178,5
2647462,5
2645438,5
2646226,5
2653143,5
2651285,5
2651900,5
2427693,5
2423360,5
2424801,5
2433313,5
2428958,5
2415882,5
2416498,5
2414638,5
2421529,5
2422323,5
2420320,5
2446831,5
2445137,5
2446578,5
2452470,5
2450673,5
2450855,5
2438274,5
2433777,5
2435381,5
2444079,5
2439435,5
2384155,5
2385100,5
2381263,5
2389793,5
2390574,5
2388200,5
2372959,5
2371101,5
2372713,5
2378764,5
2376740,5
2376869,5
2406877,5
2403039,5
2403654,5
2412352,5
2407359,5
2394943,5
2395539,5
2391844,5
2400541,5
2401158,5
2398639,5
2510429,5
2511951,5
2509886,5
2515944,5
2513590,5
2514371,5
2501789,5
2498013,5
2498855,5
2507388,5
2502238,5
2532206,5
2533646,5
2529002,5
2537720,5
2538006,5
2536148,5
2520927,5
2522367,5
2520653,5
2526526,5
2524007,5
2524953,5
2468331,5
2466306,5
2467095,5
2475330,5
2470833,5
2458252,5
2459691,5
2455358,5
2463396,5
2463991,5
2462277,5
2490107,5
2490724,5
2488864,5
2494436,5
2492590,5
2493226,5
2478830,5
2477135,5
2477257,5
2485789,5
2481352,5
2482856,5
1583520,5
1579030,5
1587224,5
1588004,5
1585999,5
1571625,5
1572571,5
1570052,5
1575946,5
1574087,5
1575673,5
1602762,5
1600798,5
1601084,5
1609781,5
1605118,5
1606566,5
1594348,5
1589191,5
1597723,5
1598503,5
1594830,5
1540188,5
1540784,5
1538408,5
1544466,5
1542444,5
1543882,5
1529000,5
1526497,5
1527129,5
1535827,5
1532154,5
1532936,5
1562580,5
1557485,5
1566243,5
1566858,5
1563021,5
1550768,5
1550889,5
1548886,5
1554965,5
1556570,5
1554713,5
1666172,5
1663653,5
1664578,5
1673089,5
1669250,5
1670204,5
1657120,5
1652457,5
1661175,5
1662801,5
1658304,5
1687948,5
1688069,5
1686375,5
1693092,5
1693688,5
1691973,5
1676258,5
1674234,5
1675014,5
1681917,5
1680063,5
1680696,5
1625393,5
1621060,5
1622501,5
1631032,5
1626599,5
1613582,5
1614197,5
1612338,5
1619221,5
1620002,5
1618000,5
1644531,5
1642837,5
1644278,5
1650171,5
1648312,5
1648578,5
1635975,5
1631477,5
1633090,5
1641780,5
1637117,5
1412929,5
1413896,5
1410059,5
1418589,5
1419370,5
1417016,5
1401961,5
1399918,5
1401501,5
1407560,5
1405536,5
1405657,5
1435640,5
1431817,5
1432450,5
1441147,5
1436154,5
1423738,5
1424353,5
1420580,5
1429336,5
1429952,5
1427435,5
1370317,5
1371757,5
1369754,5
1375832,5
1373478,5
1374259,5
1361677,5
1357838,5
1358764,5
1367276,5
1362118,5
1392102,5
1393534,5
1388871,5
1397589,5
1397895,5
1396038,5
1380816,5
1382256,5
1380562,5
1385961,5
1383917,5
1384842,5
1497127,5
1495102,5
1495883,5
1504093,5
1499611,5
1487048,5
1488487,5
1484154,5
1492193,5
1492807,5
1491012,5
1518903,5
1519519,5
1517661,5
1523223,5
1521364,5
1522000,5
1507625,5
1505930,5
1506052,5
1514584,5
1510086,5
1511672,5
1456843,5
1452345,5
1460548,5
1461327,5
1459303,5
1444928,5
1445894,5
1443376,5
1449269,5
1447410,5
1449016,5
1476187,5
1474121,5
1474407,5
1483105,5
1478442,5
1479883,5
1467639,5
1462497,5
1471047,5
1471827,5
1468154,5
1920231,5
1920846,5
1918390,5
1924509,5
1922486,5
1923926,5
1909035,5
1906516,5
1907152,5
1915870,5
1912197,5
1912979,5
1942623,5
1937465,5
1946266,5
1946901,5
1943063,5
1930812,5
1930932,5
1928908,5
1934988,5
1936613,5
1934756,5
1877308,5
1874789,5
1875734,5
1882452,5
1880386,5
1881332,5
1868256,5
1863593,5
1872292,5
1873915,5
1869422,5
1899084,5
1899205,5
1897511,5
1904230,5
1904845,5
1903050,5
1887395,5
1885371,5
1886152,5
1893035,5
1891176,5
1891811,5
2005437,5
2001104,5
2002545,5
2011076,5
2006578,5
1993647,5
1994241,5
1992382,5
1999266,5
2000046,5
1998023,5
2024553,5
2022881,5
2024322,5
2030214,5
2028354,5
2028640,5
2016224,5
2011520,5
2013125,5
2021823,5
2017160,5
1961858,5
1962811,5
1958989,5
1967537,5
1968318,5
1965964,5
1950910,5
1948886,5
1950390,5
1956508,5
1954484,5
1954606,5
1984580,5
1980741,5
1981378,5
1990096,5
1985103,5
1972687,5
1973302,5
1969464,5
1978306,5
1978901,5
1976383,5
1750369,5
1751801,5
1749777,5
1755854,5
1753522,5
1754303,5
1741721,5
1737882,5
1738828,5
1746866,5
1742183,5
1772138,5
1773578,5
1768915,5
1777611,5
1777905,5
1776062,5
1760859,5
1762299,5
1760605,5
1766005,5
1763980,5
1764824,5
1708263,5
1706238,5
1707020,5
1715221,5
1710723,5
1698164,5
1699623,5
1695290,5
1703329,5
1703943,5
1702085,5
1730060,5
1730655,5
1728796,5
1734361,5
1732501,5
1733117,5
1718740,5
1717067,5
1717189,5
1725721,5
1721223,5
1722829,5
1837094,5
1832410,5
1840591,5
1841371,5
1839347,5
1824951,5
1825905,5
1823402,5
1829313,5
1827454,5
1829060,5
1856232,5
1854206,5
1854390,5
1863148,5
1858485,5
1859926,5
1847674,5
1842516,5
1851072,5
1851870,5
1848197,5
1793555,5
1794170,5
1791651,5
1797854,5
1795810,5
1797249,5
1782360,5
1779840,5
1780455,5
1789174,5
1785521,5
1786303,5
1815947,5
1810789,5
1819652,5
1821092,5
1816409,5
1804136,5
1804257,5
1802233,5
1808292,5
1809905,5
1808060,5
